/*
 Navicat Premium Data Transfer

 Source Server         : localhost
 Source Server Type    : MySQL
 Source Server Version : 50505
 Source Host           : localhost
 Source Database       : yunzhicms

 Target Server Type    : MySQL
 Target Server Version : 50505
 File Encoding         : utf-8

 Date: 12/28/2016 15:59:46 PM
*/

SET NAMES utf8;
SET FOREIGN_KEY_CHECKS = 0;

-- ----------------------------
--  Table structure for `tutelib_access_menu_block`
-- ----------------------------
DROP TABLE IF EXISTS `tutelib_access_menu_block`;
CREATE TABLE `tutelib_access_menu_block` (
  `menu_id` int(11) NOT NULL DEFAULT '0' COMMENT 'fk menu',
  `block_id` int(11) NOT NULL DEFAULT '0' COMMENT 'fk block',
  PRIMARY KEY (`menu_id`,`block_id`)
) ENGINE=InnoDB DEFAULT CHARSET=latin1 ROW_FORMAT=COMPACT COMMENT='菜单-区块 权限表';

-- ----------------------------
--  Records of `tutelib_access_menu_block`
-- ----------------------------
BEGIN;
INSERT INTO `tutelib_access_menu_block` VALUES ('1', '1'), ('1', '2'), ('1', '3'), ('1', '8'), ('1', '9'), ('2', '1'), ('2', '8'), ('3', '1'), ('3', '8'), ('5', '1'), ('5', '7'), ('6', '1'), ('6', '8'), ('7', '1'), ('7', '8'), ('8', '1'), ('9', '1'), ('10', '1'), ('11', '1'), ('11', '8'), ('12', '1'), ('12', '8');
COMMIT;

-- ----------------------------
--  Table structure for `tutelib_access_menu_plugin`
-- ----------------------------
DROP TABLE IF EXISTS `tutelib_access_menu_plugin`;
CREATE TABLE `tutelib_access_menu_plugin` (
  `menu_id` int(11) unsigned NOT NULL,
  `plugin_id` int(11) unsigned NOT NULL,
  PRIMARY KEY (`menu_id`,`plugin_id`)
) ENGINE=MyISAM DEFAULT CHARSET=utf8 ROW_FORMAT=FIXED COMMENT='菜单-插件 权限表';

-- ----------------------------
--  Records of `tutelib_access_menu_plugin`
-- ----------------------------
BEGIN;
INSERT INTO `tutelib_access_menu_plugin` VALUES ('3', '1');
COMMIT;

-- ----------------------------
--  Table structure for `tutelib_access_user_group_block`
-- ----------------------------
DROP TABLE IF EXISTS `tutelib_access_user_group_block`;
CREATE TABLE `tutelib_access_user_group_block` (
  `user_group_name` varchar(40) NOT NULL COMMENT 'fk user_group 用户组外键',
  `block_id` int(11) unsigned NOT NULL COMMENT 'fk block 区块外键',
  `action` varchar(40) NOT NULL DEFAULT '',
  PRIMARY KEY (`user_group_name`,`block_id`,`action`)
) ENGINE=MyISAM DEFAULT CHARSET=utf8 ROW_FORMAT=DYNAMIC COMMENT='用户组-菜单 权限表。权限设置(LCURD)';

-- ----------------------------
--  Table structure for `tutelib_access_user_group_field`
-- ----------------------------
DROP TABLE IF EXISTS `tutelib_access_user_group_field`;
CREATE TABLE `tutelib_access_user_group_field` (
  `user_group_name` varchar(40) NOT NULL COMMENT 'fk user_group 用户组外键',
  `field_id` int(11) unsigned NOT NULL COMMENT 'fk field 字段外键',
  PRIMARY KEY (`user_group_name`,`field_id`)
) ENGINE=MyISAM DEFAULT CHARSET=utf8 ROW_FORMAT=DYNAMIC COMMENT='用户组 字段 权限设置';

-- ----------------------------
--  Table structure for `tutelib_access_user_group_menu`
-- ----------------------------
DROP TABLE IF EXISTS `tutelib_access_user_group_menu`;
CREATE TABLE `tutelib_access_user_group_menu` (
  `user_group_name` varchar(40) NOT NULL COMMENT 'fk user_group 用户组外键',
  `menu_id` int(11) unsigned NOT NULL COMMENT 'fk menu 菜单外键',
  `action` varchar(40) NOT NULL DEFAULT '',
  PRIMARY KEY (`user_group_name`,`menu_id`,`action`)
) ENGINE=MyISAM DEFAULT CHARSET=utf8 ROW_FORMAT=DYNAMIC COMMENT='用户组-菜单 权限表。权限设置(LCURD)';

-- ----------------------------
--  Records of `tutelib_access_user_group_menu`
-- ----------------------------
BEGIN;
INSERT INTO `tutelib_access_user_group_menu` VALUES ('admin', '3', 'add'), ('admin', '3', 'addCourse'), ('admin', '3', 'delete'), ('admin', '3', 'edit'), ('admin', '3', 'index'), ('admin', '3', 'save'), ('admin', '3', 'update'), ('editor', '3', 'add'), ('editor', '3', 'addCourse'), ('editor', '3', 'delete'), ('editor', '3', 'edit'), ('editor', '3', 'index'), ('editor', '3', 'save'), ('editor', '3', 'update'), ('public', '3', 'add'), ('public', '3', 'addCourse'), ('public', '3', 'delete'), ('public', '3', 'edit'), ('public', '3', 'index'), ('public', '3', 'save'), ('public', '3', 'update'), ('register', '3', 'add'), ('register', '3', 'addCourse'), ('register', '3', 'delete'), ('register', '3', 'edit'), ('register', '3', 'index'), ('register', '3', 'save'), ('register', '3', 'update');
COMMIT;

-- ----------------------------
--  Table structure for `tutelib_access_user_group_plugin`
-- ----------------------------
DROP TABLE IF EXISTS `tutelib_access_user_group_plugin`;
CREATE TABLE `tutelib_access_user_group_plugin` (
  `user_group_name` varchar(40) NOT NULL,
  `plugin_id` int(11) unsigned NOT NULL,
  `action` varchar(40) NOT NULL,
  `update_time` int(11) unsigned DEFAULT NULL,
  `create_time` int(11) DEFAULT NULL,
  PRIMARY KEY (`user_group_name`,`plugin_id`,`action`)
) ENGINE=InnoDB DEFAULT CHARSET=utf8 ROW_FORMAT=COMPACT;

-- ----------------------------
--  Table structure for `tutelib_block`
-- ----------------------------
DROP TABLE IF EXISTS `tutelib_block`;
CREATE TABLE `tutelib_block` (
  `id` int(11) unsigned NOT NULL AUTO_INCREMENT,
  `block_type_name` varchar(40) NOT NULL DEFAULT '' COMMENT 'fk block_type',
  `menu_id` int(11) unsigned NOT NULL DEFAULT '0' COMMENT 'fk menu 菜单FK。模块如果想实现LCURD，则必然需要组件支持。而组件则需要菜单支持。所以关系是区块对应菜单，菜单对应组件。',
  `position_name` varchar(40) NOT NULL DEFAULT '' COMMENT 'fk position',
  `title` varchar(40) NOT NULL DEFAULT '',
  `description` varchar(255) NOT NULL DEFAULT '',
  `status` tinyint(2) NOT NULL DEFAULT '0' COMMENT '0启用 1禁用',
  `weight` smallint(6) unsigned NOT NULL DEFAULT '0' COMMENT '权重',
  `config` varchar(255) NOT NULL DEFAULT '[]' COMMENT '配置信息json',
  `filter` varchar(255) NOT NULL DEFAULT '[]' COMMENT '过滤器信息json',
  `update_time` smallint(6) unsigned NOT NULL,
  `create_time` smallint(6) unsigned NOT NULL,
  `delete_time` smallint(6) unsigned NOT NULL,
  `is_delete` tinyint(1) unsigned NOT NULL DEFAULT '0',
  PRIMARY KEY (`id`),
  KEY `'is_delete'` (`is_delete`)
) ENGINE=MyISAM AUTO_INCREMENT=10 DEFAULT CHARSET=utf8 ROW_FORMAT=DYNAMIC COMMENT='区块表';

-- ----------------------------
--  Records of `tutelib_block`
-- ----------------------------
BEGIN;
INSERT INTO `tutelib_block` VALUES ('1', 'Menu', '0', 'menu', '主菜单', '显示在页面上方', '0', '0', '{\"menu_type_name\":\"main\",\"id\":\"cssmenu\"}', '[]', '65535', '0', '0', '0'), ('2', 'Slider', '0', 'slider', '幻灯片', '', '0', '0', '[]', '[]', '65535', '0', '0', '0'), ('3', 'ContentVideo', '0', 'main', '文字视频介绍', '', '0', '0', '[]', '[]', '0', '0', '0', '0'), ('4', 'DataCounter', '0', 'main', '数据统计', '', '0', '0', '[]', '[]', '0', '0', '0', '0'), ('5', 'CaseShow', '0', 'main', '案例展示', '', '0', '0', '[]', '[]', '0', '0', '0', '0'), ('6', 'ShowCaseSlider', '0', 'main', '动态案例展示', '', '0', '0', '[]', '[]', '0', '0', '0', '0'), ('7', 'BreadCrumb', '0', 'breadCrumb', '面包屑', '', '0', '0', '[]', '[]', '65535', '0', '0', '1'), ('8', 'Footer', '0', 'main', '页脚', '', '0', '0', '[]', '[]', '65535', '0', '0', '0'), ('9', 'PictureNews', '0', 'main', '图文列表', '', '0', '0', '[]', '[]', '0', '0', '0', '0');
COMMIT;

-- ----------------------------
--  Table structure for `tutelib_block_type`
-- ----------------------------
DROP TABLE IF EXISTS `tutelib_block_type`;
CREATE TABLE `tutelib_block_type` (
  `name` varchar(40) NOT NULL,
  `title` varchar(40) NOT NULL,
  `description` varchar(255) NOT NULL,
  PRIMARY KEY (`name`)
) ENGINE=MyISAM DEFAULT CHARSET=utf8 ROW_FORMAT=DYNAMIC COMMENT='区块类型表';

-- ----------------------------
--  Records of `tutelib_block_type`
-- ----------------------------
BEGIN;
INSERT INTO `tutelib_block_type` VALUES ('Menu', '菜单', '显示菜单'), ('BreadCrumb', '面包屑', ''), ('Slider', '幻灯片', ''), ('ContentVideo', '文字视频介绍', '通常用于首页的关于我们'), ('DataCounter', '数据统计', '数据统计'), ('CaseShow', '案例展示', ''), ('ShowCaseSlider', '动态案例展示', ''), ('Footer', '页脚显示', '');
COMMIT;

-- ----------------------------
--  Table structure for `tutelib_chuhang_classroom`
-- ----------------------------
DROP TABLE IF EXISTS `tutelib_chuhang_classroom`;
CREATE TABLE `tutelib_chuhang_classroom` (
  `id` int(11) unsigned NOT NULL AUTO_INCREMENT,
  `name` varchar(30) NOT NULL DEFAULT '' COMMENT '教室名',
  `is_delete` tinyint(2) unsigned NOT NULL,
  `create_time` int(11) unsigned NOT NULL,
  `update_time` int(11) unsigned NOT NULL,
  PRIMARY KEY (`id`)
) ENGINE=InnoDB AUTO_INCREMENT=5 DEFAULT CHARSET=utf8 ROW_FORMAT=COMPACT;

-- ----------------------------
--  Records of `tutelib_chuhang_classroom`
-- ----------------------------
BEGIN;
INSERT INTO `tutelib_chuhang_classroom` VALUES ('1', 'A701', '0', '0', '0'), ('2', 'A702', '0', '0', '0'), ('3', 'A801', '0', '0', '0'), ('4', 'A802', '0', '0', '0');
COMMIT;

-- ----------------------------
--  Table structure for `tutelib_chuhang_course`
-- ----------------------------
DROP TABLE IF EXISTS `tutelib_chuhang_course`;
CREATE TABLE `tutelib_chuhang_course` (
  `id` int(11) unsigned NOT NULL AUTO_INCREMENT,
  `name` varchar(30) NOT NULL DEFAULT '' COMMENT '课程名称',
  `is_delete` tinyint(2) unsigned NOT NULL,
  `create_time` int(11) unsigned NOT NULL,
  `update_time` int(11) unsigned NOT NULL,
  PRIMARY KEY (`id`)
) ENGINE=InnoDB AUTO_INCREMENT=24 DEFAULT CHARSET=utf8 ROW_FORMAT=COMPACT;

-- ----------------------------
--  Records of `tutelib_chuhang_course`
-- ----------------------------
BEGIN;
INSERT INTO `tutelib_chuhang_course` VALUES ('1', '电子商务概论', '0', '0', '0'), ('2', '计算机网路基础', '0', '0', '0'), ('3', 'java程序设计', '0', '0', '0'), ('4', '微观经济学', '0', '0', '0'), ('5', '统计学', '0', '0', '0'), ('23', '中国近现代史纲要', '0', '1481031427', '1481031427');
COMMIT;

-- ----------------------------
--  Table structure for `tutelib_chuhang_curriculum`
-- ----------------------------
DROP TABLE IF EXISTS `tutelib_chuhang_curriculum`;
CREATE TABLE `tutelib_chuhang_curriculum` (
  `id` int(11) unsigned NOT NULL AUTO_INCREMENT,
  `classroom_id` int(11) unsigned NOT NULL,
  `config` varchar(100) NOT NULL,
  `teacher_id` int(11) unsigned NOT NULL,
  `klass` varchar(100) NOT NULL,
  `course_id` int(11) unsigned NOT NULL,
  `time_id` int(11) unsigned NOT NULL,
  `week` int(11) NOT NULL,
  `day_id` int(11) unsigned NOT NULL,
  `is_delete` tinyint(2) unsigned NOT NULL,
  `create_time` int(11) unsigned NOT NULL,
  `update_time` int(11) unsigned NOT NULL,
  PRIMARY KEY (`id`)
) ENGINE=InnoDB AUTO_INCREMENT=238 DEFAULT CHARSET=utf8 ROW_FORMAT=COMPACT;

-- ----------------------------
--  Records of `tutelib_chuhang_curriculum`
-- ----------------------------
BEGIN;
INSERT INTO `tutelib_chuhang_curriculum` VALUES ('134', '1', '[2,4,10]', '1', '[\"1\",\"3\",\"8\"]', '1', '3', '1', '3', '0', '1481558299', '1481702380'), ('136', '1', '[2,4,10]', '1', '[\"1\",\"3\",\"8\"]', '1', '3', '1', '5', '0', '1481558299', '1481702380'), ('138', '1', '', '1', '[\"1\",\"3\",\"8\"]', '1', '3', '2', '3', '0', '1481558299', '1481637270'), ('140', '1', '', '1', '[\"1\",\"3\",\"8\"]', '1', '3', '2', '5', '0', '1481558299', '1481637270'), ('142', '1', '', '1', '[\"1\",\"3\",\"8\"]', '1', '3', '4', '3', '0', '1481558299', '1481639573'), ('144', '1', '', '1', '[\"1\",\"3\",\"8\"]', '1', '3', '4', '5', '0', '1481558299', '1481639573'), ('146', '1', '', '1', '[\"1\",\"3\",\"8\"]', '1', '3', '10', '3', '0', '1481558299', '1481558299'), ('148', '1', '', '1', '[\"1\",\"3\",\"8\"]', '1', '3', '10', '5', '0', '1481558299', '1481558299'), ('149', '1', '[2,3,4,10]', '1', '[\"1\",\"3\",\"8\"]', '1', '1', '1', '5', '0', '1481558376', '1481702380'), ('151', '1', '', '1', '[\"1\",\"3\",\"8\"]', '1', '1', '2', '5', '0', '1481558376', '1481637270'), ('153', '1', '', '1', '[\"1\",\"3\",\"8\"]', '1', '1', '3', '5', '0', '1481558376', '1481558376'), ('155', '1', '', '1', '[\"1\",\"3\",\"8\"]', '1', '1', '4', '5', '0', '1481558376', '1481639573'), ('157', '1', '', '1', '[\"1\",\"3\",\"8\"]', '1', '1', '10', '5', '0', '1481558376', '1481558376'), ('162', '1', '[19]', '1', '[\"7\"]', '1', '2', '9', '2', '0', '1481611248', '1481702380'), ('163', '1', '', '1', '[\"7\"]', '1', '2', '19', '2', '0', '1481611248', '1481611248'), ('165', '1', '[2,3,8,14]', '1', '[\"1\",\"2\",\"8\"]', '1', '3', '1', '1', '0', '1481611265', '1481702380'), ('167', '1', '[2,3,8,14]', '1', '[\"1\",\"2\",\"8\"]', '1', '3', '1', '2', '0', '1481611265', '1481702380'), ('169', '1', '', '1', '[\"1\",\"2\",\"8\"]', '1', '3', '2', '1', '0', '1481611265', '1481637270'), ('171', '1', '', '1', '[\"1\",\"2\",\"8\"]', '1', '3', '2', '2', '0', '1481611265', '1481637270'), ('173', '1', '', '1', '[\"1\",\"2\",\"8\"]', '1', '3', '3', '1', '0', '1481611265', '1481611265'), ('175', '1', '', '1', '[\"1\",\"2\",\"8\"]', '1', '3', '3', '2', '0', '1481611265', '1481611265'), ('177', '1', '', '1', '[\"1\",\"2\",\"8\"]', '1', '3', '8', '1', '0', '1481611265', '1481633649'), ('179', '1', '', '1', '[\"1\",\"2\",\"8\"]', '1', '3', '8', '2', '0', '1481611265', '1481633649'), ('181', '1', '', '1', '[\"1\",\"2\",\"8\"]', '1', '3', '14', '1', '0', '1481611265', '1481611265'), ('183', '1', '', '1', '[\"1\",\"2\",\"8\"]', '1', '3', '14', '2', '0', '1481611265', '1481611265'), ('187', '1', '[2,3,4,5]', '1', '[\"1\"]', '1', '4', '1', '1', '0', '1481611491', '1481702380'), ('188', '1', '[2,3,4,5]', '1', '[\"1\"]', '1', '4', '1', '2', '0', '1481611491', '1481702380'), ('189', '1', '', '1', '[\"1\"]', '1', '4', '2', '1', '0', '1481611491', '1481637270'), ('190', '1', '', '1', '[\"1\"]', '1', '4', '2', '2', '0', '1481611491', '1481637270'), ('191', '1', '', '1', '[\"1\"]', '1', '4', '3', '1', '0', '1481611491', '1481611491'), ('192', '1', '', '1', '[\"1\"]', '1', '4', '3', '2', '0', '1481611491', '1481611491'), ('193', '1', '', '1', '[\"1\"]', '1', '4', '4', '1', '0', '1481611491', '1481639573'), ('194', '1', '', '1', '[\"1\"]', '1', '4', '4', '2', '0', '1481611491', '1481639573'), ('195', '1', '', '1', '[\"1\"]', '1', '4', '5', '1', '0', '1481611491', '1481636953'), ('196', '1', '', '1', '[\"1\"]', '1', '4', '5', '2', '0', '1481611491', '1481636953'), ('202', '4', '[7]', '6', '[\"2\"]', '5', '1', '1', '4', '0', '1481611773', '1481702380'), ('204', '4', '', '6', '[\"2\"]', '5', '1', '7', '4', '0', '1481611773', '1481611773'), ('205', '1', '[2,3]', '4', '[\"1\"]', '3', '1', '1', '1', '0', '1481615770', '1481702380'), ('206', '1', '', '4', '[\"1\"]', '3', '1', '2', '1', '0', '1481615770', '1481637270'), ('207', '1', '', '4', '[\"1\"]', '3', '1', '3', '1', '0', '1481615770', '1481615770'), ('210', '4', '[6,7,6,7]', '6', '[\"2\"]', '5', '1', '1', '3', '0', '1481630315', '1481702380'), ('211', '4', '', '6', '[\"2\"]', '5', '1', '6', '3', '0', '1481630315', '1481630315'), ('212', '4', '', '6', '[\"2\"]', '5', '1', '7', '3', '0', '1481630315', '1481630315'), ('218', '2', '', '2', '[\"1\"]', '2', '4', '2', '2', '0', '1481633627', '1481633627'), ('219', '1', '', '3', '[\"1\",\"2\"]', '3', '1', '16', '1', '0', '1481640257', '1481701696'), ('221', '2', '[11,12,14,15,16]', '2', '[\"3\",\"4\"]', '2', '4', '6', '2', '0', '1481640427', '1481702380'), ('223', '2', '', '2', '[\"3\",\"4\"]', '2', '4', '11', '2', '0', '1481640427', '1481640427'), ('225', '2', '', '2', '[\"3\",\"4\"]', '2', '4', '12', '2', '0', '1481640427', '1481640427'), ('227', '2', '', '2', '[\"3\",\"4\"]', '2', '4', '14', '2', '0', '1481640427', '1481640427'), ('229', '2', '', '2', '[\"3\",\"4\"]', '2', '4', '15', '2', '0', '1481640427', '1481640427'), ('231', '2', '', '2', '[\"3\",\"4\"]', '2', '4', '16', '2', '0', '1481640427', '1481701696'), ('233', '4', '', '6', '[\"2\"]', '5', '1', '1', '3', '0', '1481701842', '1481701842'), ('235', '4', '', '6', '[\"2\"]', '5', '1', '6', '3', '0', '1481701842', '1481701842'), ('237', '4', '', '6', '[\"2\"]', '5', '1', '7', '3', '0', '1481701842', '1481701842');
COMMIT;

-- ----------------------------
--  Table structure for `tutelib_chuhang_day`
-- ----------------------------
DROP TABLE IF EXISTS `tutelib_chuhang_day`;
CREATE TABLE `tutelib_chuhang_day` (
  `id` int(11) unsigned NOT NULL AUTO_INCREMENT,
  `day` smallint(6) unsigned NOT NULL,
  `is_delete` tinyint(2) unsigned NOT NULL,
  `create_time` int(11) unsigned NOT NULL,
  `update_time` int(11) unsigned NOT NULL,
  `term_id` int(11) NOT NULL,
  PRIMARY KEY (`id`)
) ENGINE=InnoDB AUTO_INCREMENT=6 DEFAULT CHARSET=utf8 ROW_FORMAT=COMPACT;

-- ----------------------------
--  Records of `tutelib_chuhang_day`
-- ----------------------------
BEGIN;
INSERT INTO `tutelib_chuhang_day` VALUES ('1', '1', '0', '1481725144', '1481725144', '0'), ('2', '2', '0', '1481725144', '1481725144', '0'), ('3', '3', '0', '1481725144', '1481725144', '0'), ('4', '4', '0', '1481725144', '1481725144', '0'), ('5', '5', '0', '1481725144', '1481725144', '0');
COMMIT;

-- ----------------------------
--  Table structure for `tutelib_chuhang_klass`
-- ----------------------------
DROP TABLE IF EXISTS `tutelib_chuhang_klass`;
CREATE TABLE `tutelib_chuhang_klass` (
  `id` int(11) unsigned NOT NULL AUTO_INCREMENT,
  `name` varchar(30) NOT NULL DEFAULT '' COMMENT '班级名称',
  `is_delete` tinyint(2) unsigned NOT NULL,
  `create_time` int(11) unsigned NOT NULL,
  `update_time` int(11) unsigned NOT NULL,
  PRIMARY KEY (`id`)
) ENGINE=InnoDB AUTO_INCREMENT=9 DEFAULT CHARSET=utf8 ROW_FORMAT=COMPACT;

-- ----------------------------
--  Records of `tutelib_chuhang_klass`
-- ----------------------------
BEGIN;
INSERT INTO `tutelib_chuhang_klass` VALUES ('1', '电商1501', '0', '0', '0'), ('2', '电商1502', '0', '0', '0'), ('3', '物流1501', '0', '0', '0'), ('4', '物流1502', '0', '0', '0'), ('5', '金融1501', '0', '0', '0'), ('6', '金融1502', '0', '0', '0'), ('7', '财会1501', '0', '0', '0'), ('8', '财会1502', '0', '0', '0');
COMMIT;

-- ----------------------------
--  Table structure for `tutelib_chuhang_period`
-- ----------------------------
DROP TABLE IF EXISTS `tutelib_chuhang_period`;
CREATE TABLE `tutelib_chuhang_period` (
  `id` int(11) unsigned NOT NULL AUTO_INCREMENT,
  `start_time` int(11) unsigned NOT NULL,
  `end_time` int(11) unsigned NOT NULL,
  `is_create` tinyint(2) unsigned NOT NULL,
  `create_time` int(11) unsigned NOT NULL,
  `update_time` int(11) unsigned NOT NULL,
  `name` varchar(30) NOT NULL DEFAULT '' COMMENT '周期名称',
  `day` int(11) unsigned NOT NULL COMMENT '天数/周',
  `time` int(11) unsigned NOT NULL COMMENT '节次/天',
  PRIMARY KEY (`id`)
) ENGINE=InnoDB AUTO_INCREMENT=6 DEFAULT CHARSET=utf8 ROW_FORMAT=COMPACT;

-- ----------------------------
--  Records of `tutelib_chuhang_period`
-- ----------------------------
BEGIN;
INSERT INTO `tutelib_chuhang_period` VALUES ('4', '2016', '2017', '1', '1481726275', '1481726275', '2015-2016第一学期', '5', '4'), ('5', '2016', '2017', '0', '1481727380', '1481727380', '2015-2016第二学期', '5', '4');
COMMIT;

-- ----------------------------
--  Table structure for `tutelib_chuhang_teacher`
-- ----------------------------
DROP TABLE IF EXISTS `tutelib_chuhang_teacher`;
CREATE TABLE `tutelib_chuhang_teacher` (
  `id` int(11) unsigned NOT NULL AUTO_INCREMENT,
  `name` varchar(30) NOT NULL DEFAULT '' COMMENT '教师名称',
  `is_delete` tinyint(2) unsigned NOT NULL,
  `create_time` int(11) unsigned NOT NULL,
  `update_time` int(11) unsigned NOT NULL,
  PRIMARY KEY (`id`)
) ENGINE=InnoDB AUTO_INCREMENT=7 DEFAULT CHARSET=utf8 ROW_FORMAT=COMPACT;

-- ----------------------------
--  Records of `tutelib_chuhang_teacher`
-- ----------------------------
BEGIN;
INSERT INTO `tutelib_chuhang_teacher` VALUES ('1', '赵丽华', '0', '0', '0'), ('2', '李清', '0', '0', '0'), ('3', '付强', '0', '0', '0'), ('4', '郭跃红', '0', '0', '0'), ('6', '崔晓迪', '0', '1481033495', '1481070395');
COMMIT;

-- ----------------------------
--  Table structure for `tutelib_chuhang_time`
-- ----------------------------
DROP TABLE IF EXISTS `tutelib_chuhang_time`;
CREATE TABLE `tutelib_chuhang_time` (
  `id` int(11) unsigned NOT NULL AUTO_INCREMENT,
  `time` smallint(6) unsigned NOT NULL,
  `is_delete` tinyint(2) unsigned NOT NULL,
  `create_time` int(11) unsigned NOT NULL,
  `update_time` int(11) unsigned NOT NULL,
  `term_id` int(11) unsigned NOT NULL,
  PRIMARY KEY (`id`)
) ENGINE=InnoDB AUTO_INCREMENT=5 DEFAULT CHARSET=utf8 ROW_FORMAT=COMPACT;

-- ----------------------------
--  Records of `tutelib_chuhang_time`
-- ----------------------------
BEGIN;
INSERT INTO `tutelib_chuhang_time` VALUES ('1', '1', '0', '1481725144', '1481725144', '0'), ('2', '2', '0', '1481725144', '1481725144', '0'), ('3', '3', '0', '1481725144', '1481725144', '0'), ('4', '4', '0', '1481725144', '1481725144', '0');
COMMIT;

-- ----------------------------
--  Table structure for `tutelib_comment`
-- ----------------------------
DROP TABLE IF EXISTS `tutelib_comment`;
CREATE TABLE `tutelib_comment` (
  `id` int(11) unsigned NOT NULL AUTO_INCREMENT,
  `content` text NOT NULL COMMENT '评论内容',
  `classroom` varchar(30) NOT NULL COMMENT 'j教师号',
  `number` int(11) NOT NULL COMMENT 'j机器号',
  `email` varchar(30) NOT NULL COMMENT '邮箱',
  `create_time` int(11) unsigned NOT NULL,
  `update_time` int(11) unsigned NOT NULL,
  `key_id` int(11) NOT NULL COMMENT '评论对应的内容',
  PRIMARY KEY (`id`)
) ENGINE=InnoDB AUTO_INCREMENT=10 DEFAULT CHARSET=utf8 ROW_FORMAT=COMPACT;

-- ----------------------------
--  Records of `tutelib_comment`
-- ----------------------------
BEGIN;
INSERT INTO `tutelib_comment` VALUES ('2', '河北工业大学梦云智软件开发团队成立于2014年12月。依托于计算机科学与软件学院，团队现拥有自身独立的实验室，经过一年多不懈的努力，团队学习氛围越来越浓厚，团队精神越来越多地被我们诠释。 自团队成立以来，已先后完成”“众筹海淘” 微信购物平台系统 、 “天职师大”绩效管理系统、“洛克酒店”管理系统、 “河北工业大学材料学院”论文送审系统、“一鑫教育”英语在线学习系统等项目。在项目的开发过程中，我们也深深的认识到团队发展中分工、合作及设计模式等方面的不足，并不断的在新技术、新模式领域进行探索。二个评论', 'A122', '21', 'jfslf@qq.com', '0', '0', '1'), ('4', 'fsf', '', '0', '', '1480149842', '1480149842', '2'), ('5', 'fds', 'A123', '0', '', '1480152228', '1480152228', '0'), ('7', '消防是猪', 'A123', '0', '', '1480152737', '1480152737', '1'), ('8', '范德萨发的', 'A123', '0', '', '1480162176', '1480162176', '1'), ('9', '法师打发第三方士大夫', 'A123', '0', '', '1480162190', '1480162190', '3');
COMMIT;

-- ----------------------------
--  Table structure for `tutelib_component`
-- ----------------------------
DROP TABLE IF EXISTS `tutelib_component`;
CREATE TABLE `tutelib_component` (
  `name` varchar(40) NOT NULL DEFAULT '' COMMENT '类名',
  `title` varchar(255) NOT NULL DEFAULT '' COMMENT '标题',
  `description` varchar(255) NOT NULL DEFAULT '' COMMENT '描述',
  `author` varchar(255) NOT NULL DEFAULT '' COMMENT '作者',
  `version` varchar(255) NOT NULL DEFAULT '' COMMENT '版本',
  `is_delete` tinyint(2) unsigned NOT NULL DEFAULT '0',
  PRIMARY KEY (`name`)
) ENGINE=MyISAM DEFAULT CHARSET=utf8 ROW_FORMAT=DYNAMIC COMMENT='组件（类型）表';

-- ----------------------------
--  Records of `tutelib_component`
-- ----------------------------
BEGIN;
INSERT INTO `tutelib_component` VALUES ('Home', '首页', '用于显示首页', 'panjie', '1.0.0', '0'), ('ContentList', '新闻列表', '新闻列表页，显示新闻列表及展示新闻详情', 'panjie', '1.0.0', '0'), ('Content', '新闻', '显示一篇新闻', '', '', '0'), ('Login', '登陆注销', '用于用户的登陆与注销', 'mengyunzhi', '1.0.0', '0'), ('User', '用户管理', '网站编辑对网站的管理', 'panjie', '1.0.0', '0'), ('1', '1', '1', '1', '1', '0'), ('Course', '课表管理', '用于课表的管理', 'chuhang', '1.0.0', '0'), ('FeedBack', '故障反馈', '用于故障的反馈', 'chuhang', '1.0.0', '0'), ('Curriculum', '课表信息', '用于站点编辑人员对站点的编辑', 'chuhang', '1.0.0', '0');
COMMIT;

-- ----------------------------
--  Table structure for `tutelib_content`
-- ----------------------------
DROP TABLE IF EXISTS `tutelib_content`;
CREATE TABLE `tutelib_content` (
  `id` int(11) unsigned NOT NULL AUTO_INCREMENT,
  `user_name` varchar(40) NOT NULL DEFAULT '' COMMENT 'FK 用户名',
  `content_type_name` varchar(40) NOT NULL DEFAULT '' COMMENT 'FK 类别名',
  `title` varchar(255) NOT NULL DEFAULT '' COMMENT '标题',
  `create_time` int(5) unsigned NOT NULL DEFAULT '0',
  `update_time` int(5) unsigned NOT NULL DEFAULT '0',
  `delete_time` int(5) unsigned NOT NULL DEFAULT '0',
  `is_freezed` tinyint(2) NOT NULL DEFAULT '0' COMMENT '是否冻结',
  `weight` smallint(6) NOT NULL,
  `hit` int(11) NOT NULL,
  `is_delete` tinyint(2) unsigned NOT NULL DEFAULT '0',
  PRIMARY KEY (`id`),
  KEY `category_name` (`content_type_name`),
  KEY `is_freezed` (`is_freezed`),
  KEY `is_deleted` (`is_delete`)
) ENGINE=MyISAM AUTO_INCREMENT=680 DEFAULT CHARSET=utf8 ROW_FORMAT=DYNAMIC COMMENT='文章表';

-- ----------------------------
--  Records of `tutelib_content`
-- ----------------------------
BEGIN;
INSERT INTO `tutelib_content` VALUES ('1', '', 'news', '这是一条新闻11', '1232323111', '1480161850', '0', '0', '0', '578', '1'), ('2', '', 'news', '这是另一条新闻sklj', '1232323111', '1480162946', '0', '0', '0', '190', '1'), ('4', '', 'news', '第五届全国高校体谈11', '0', '1482894942', '0', '0', '0', '328', '0'), ('5', '', 'news', '学院的最新动态', '0', '1482285256', '0', '0', '0', '282', '1'), ('6', '', 'news', '学生会举办茶话会发广告', '0', '1482285261', '0', '0', '0', '286', '1'), ('7', '', 'news', '学生会举办茶话会规定', '0', '1482285265', '0', '0', '0', '284', '1'), ('8', '', 'news', '学生会举办茶话会学生会举办茶话会学生会举办茶话会学生会举办茶话会学生会举办茶话会学生会举办茶话会学生会举办茶话会学生会举办茶话会学生会举办茶话会', '0', '1482285270', '0', '0', '0', '78', '1'), ('9', '', 'inductive', '这是一个操作说明', '0', '1479827862', '0', '0', '0', '158', '1'), ('10', '', 'inductive', '这是一个标题长的操作说明', '0', '1482909936', '0', '0', '0', '103', '0'), ('11', '', 'inductive', '这这是一个标题长的操作说明这是一个标题长的操作说明这是一个标题长的操作说明是一个标题长的操作说明这是一个标题长的操作说明这是一个标题长的操作说明', '0', '1482289482', '0', '0', '0', '50', '0'), ('12', '', 'inductive', '这是一个标题长的操作说明', '0', '1479827893', '0', '0', '0', '791', '1'), ('13', '', 'inductive', '这是一个标题长的操作说明', '0', '1479825901', '0', '0', '0', '78979', '1'), ('14', '', 'inductive', '这是一个标题长的操作说明', '0', '1479859498', '0', '0', '0', '7899', '1'), ('15', '', 'inductive', '这是一个标题长的操作说明', '0', '1479828643', '0', '0', '0', '89', '1'), ('16', '', 'inductive', '这是一个操作说明', '0', '1482289518', '0', '0', '0', '114', '0'), ('303', '', 'inductive', '这是一个标题长的操作说明', '1479864777', '1482289480', '0', '0', '0', '100', '0'), ('304', '', 'inductive', '这是一个标题长的操作说明', '1479864801', '1480169631', '0', '0', '0', '3', '1'), ('305', '', 'inductive', '这是一个标题长的操作说明这是一个标题长的操作说明这是一个标题长的操作说明', '1479864813', '1480169344', '0', '0', '0', '1', '1'), ('306', '', 'inductive', '这是一个标题长的操作说明这是一个标题长的操作说明这是一个标题长的操作说明', '1479864824', '1480169358', '0', '0', '0', '0', '1'), ('307', '', 'inductive', '这是一个标题长的操作说明这是一个标题长的操作说明', '1479864833', '1480169181', '0', '0', '0', '0', '1'), ('456', '', '', '', '1480172666', '1480172666', '0', '0', '0', '1', '0'), ('308', '', 'inductive', '这是一个标题长的操作说明这是一个标题长的操作说明', '1479864845', '1480169108', '0', '0', '0', '0', '1'), ('309', '', 'inductive', '这是一个标题长的操作说明这是一个标题长的操作说明这是一个标题长的操作说明', '1479864854', '1480169242', '0', '0', '0', '1', '1'), ('302', '', 'inductive', '这是一个文章标题文章吧i', '1479864694', '1479864708', '0', '0', '0', '0', '1'), ('314', '', 'news', '这是一个很长的标题', '1479911187', '1480169682', '0', '0', '0', '2', '1'), ('315', '', 'news', '这是一个很长的标题', '1479911203', '1480169233', '0', '0', '0', '0', '1'), ('316', '', 'course', '物流管理 第二教学楼203 赵丽华 1-16周（两学时）', '0', '0', '0', '0', '0', '0', '0'), ('320', '', '', '', '1480162032', '1480162032', '0', '0', '0', '1', '0'), ('318', '', 'classroom', 'A123', '0', '0', '0', '0', '0', '0', '0'), ('319', '', 'classroom', 'A702', '0', '0', '0', '0', '0', '0', '0'), ('321', '', '', '', '1480162168', '1480162168', '0', '0', '0', '1', '0'), ('322', '', '', '', '1480162168', '1480162168', '0', '0', '0', '1', '0'), ('323', '', '', '', '1480162179', '1480162179', '0', '0', '0', '1', '0'), ('324', '', '', '', '1480162179', '1480162179', '0', '0', '0', '1', '0'), ('325', '', '', '', '1480162185', '1480162185', '0', '0', '0', '1', '0'), ('326', '', '', '', '1480162185', '1480162185', '0', '0', '0', '1', '0'), ('327', '', '', '', '1480162193', '1480162193', '0', '0', '0', '1', '0'), ('328', '', '', '', '1480162194', '1480162194', '0', '0', '0', '1', '0'), ('329', '', '', '', '1480162219', '1480162219', '0', '0', '0', '1', '0'), ('330', '', '', '', '1480162219', '1480162219', '0', '0', '0', '1', '0'), ('331', '', '', '', '1480162253', '1480162253', '0', '0', '0', '1', '0'), ('332', '', '', '', '1480162254', '1480162254', '0', '0', '0', '1', '0'), ('333', '', '', '', '1480162263', '1480162263', '0', '0', '0', '1', '0'), ('334', '', '', '', '1480162263', '1480162263', '0', '0', '0', '1', '0'), ('335', '', '', '', '1480162271', '1480162271', '0', '0', '0', '1', '0'), ('336', '', '', '', '1480162878', '1480162878', '0', '0', '0', '1', '0'), ('337', '', '', '', '1480162878', '1480162878', '0', '0', '0', '1', '0'), ('338', '', '', '', '1480162894', '1480162894', '0', '0', '0', '1', '0'), ('339', '', '', '', '1480162895', '1480162895', '0', '0', '0', '1', '0'), ('340', '', '', '', '1480162972', '1480162972', '0', '0', '0', '1', '0'), ('341', '', '', '', '1480162972', '1480162972', '0', '0', '0', '1', '0'), ('342', '', '', '', '1480163262', '1480163262', '0', '0', '0', '1', '0'), ('343', '', '', '', '1480163262', '1480163262', '0', '0', '0', '1', '0'), ('344', '', '', '', '1480163280', '1480163280', '0', '0', '0', '1', '0'), ('345', '', '', '', '1480163281', '1480163281', '0', '0', '0', '1', '0'), ('346', '', '', '', '1480163388', '1480163388', '0', '0', '0', '1', '0'), ('347', '', '', '', '1480163425', '1480163425', '0', '0', '0', '1', '0'), ('348', '', '', '', '1480163441', '1480163441', '0', '0', '0', '1', '0'), ('349', '', '', '', '1480163642', '1480163642', '0', '0', '0', '1', '0'), ('350', '', '', '', '1480163677', '1480163677', '0', '0', '0', '1', '0'), ('351', '', '', '', '1480163954', '1480163954', '0', '0', '0', '1', '0'), ('352', '', '', '', '1480163965', '1480163965', '0', '0', '0', '1', '0'), ('353', '', '', '', '1480163965', '1480163965', '0', '0', '0', '1', '0'), ('354', '', '', '', '1480163970', '1480163970', '0', '0', '0', '1', '0'), ('355', '', '', '', '1480163971', '1480163971', '0', '0', '0', '1', '0'), ('356', '', '', '', '1480164003', '1480164003', '0', '0', '0', '1', '0'), ('357', '', '', '', '1480164017', '1480164017', '0', '0', '0', '1', '0'), ('358', '', '', '', '1480164024', '1480164024', '0', '0', '0', '1', '0'), ('359', '', '', '', '1480164024', '1480164024', '0', '0', '0', '1', '0'), ('360', '', '', '', '1480164030', '1480164030', '0', '0', '0', '1', '0'), ('361', '', '', '', '1480164031', '1480164031', '0', '0', '0', '1', '0'), ('362', '', '', '', '1480164134', '1480164134', '0', '0', '0', '1', '0'), ('363', '', '', '', '1480164152', '1480164152', '0', '0', '0', '1', '0'), ('364', '', '', '', '1480164152', '1480164152', '0', '0', '0', '1', '0'), ('365', '', '', '', '1480164158', '1480164158', '0', '0', '0', '1', '0'), ('366', '', '', '', '1480164158', '1480164158', '0', '0', '0', '1', '0'), ('367', '', '', '', '1480168093', '1480168093', '0', '0', '0', '1', '0'), ('368', '', '', '', '1480168094', '1480168094', '0', '0', '0', '1', '0'), ('369', '', '', '', '1480168099', '1480168099', '0', '0', '0', '1', '0'), ('370', '', '', '', '1480168100', '1480168100', '0', '0', '0', '1', '0'), ('371', '', '', '', '1480168166', '1480168166', '0', '0', '0', '1', '0'), ('372', '', '', '', '1480168204', '1480168204', '0', '0', '0', '1', '0'), ('373', '', '', '', '1480168204', '1480168204', '0', '0', '0', '1', '0'), ('374', '', '', '', '1480168208', '1480168208', '0', '0', '0', '1', '0'), ('375', '', '', '', '1480168208', '1480168208', '0', '0', '0', '1', '0'), ('376', '', '', '', '1480168348', '1480168348', '0', '0', '0', '1', '0'), ('377', '', '', '', '1480168349', '1480168349', '0', '0', '0', '1', '0'), ('378', '', '', '', '1480168366', '1480168366', '0', '0', '0', '1', '0'), ('379', '', '', '', '1480168366', '1480168366', '0', '0', '0', '1', '0'), ('380', '', '', '', '1480168431', '1480168431', '0', '0', '0', '1', '0'), ('381', '', '', '', '1480168431', '1480168431', '0', '0', '0', '1', '0'), ('382', '', '', '', '1480168452', '1480168452', '0', '0', '0', '1', '0'), ('383', '', '', '', '1480168452', '1480168452', '0', '0', '0', '1', '0'), ('384', '', '', '', '1480168475', '1480168475', '0', '0', '0', '1', '0'), ('385', '', '', '', '1480168475', '1480168475', '0', '0', '0', '1', '0'), ('386', '', '', '', '1480168479', '1480168479', '0', '0', '0', '1', '0'), ('387', '', '', '', '1480168480', '1480168480', '0', '0', '0', '1', '0'), ('388', '', '', '', '1480168483', '1480168483', '0', '0', '0', '1', '0'), ('389', '', '', '', '1480168484', '1480168484', '0', '0', '0', '1', '0'), ('390', '', '', '', '1480168496', '1480168496', '0', '0', '0', '1', '0'), ('391', '', '', '', '1480168497', '1480168497', '0', '0', '0', '1', '0'), ('392', '', '', '', '1480168611', '1480168611', '0', '0', '0', '1', '0'), ('393', '', '', '', '1480168623', '1480168623', '0', '0', '0', '1', '0'), ('394', '', '', '', '1480168625', '1480168625', '0', '0', '0', '1', '0'), ('395', '', '', '', '1480168632', '1480168632', '0', '0', '0', '1', '0'), ('396', '', '', '', '1480168633', '1480168633', '0', '0', '0', '1', '0'), ('397', '', '', '', '1480168667', '1480168667', '0', '0', '0', '1', '0'), ('398', '', '', '', '1480168668', '1480168668', '0', '0', '0', '1', '0'), ('399', '', '', '', '1480168671', '1480168671', '0', '0', '0', '1', '0'), ('400', '', '', '', '1480168672', '1480168672', '0', '0', '0', '1', '0'), ('401', '', '', '', '1480168692', '1480168692', '0', '0', '0', '1', '0'), ('402', '', '', '', '1480168692', '1480168692', '0', '0', '0', '1', '0'), ('403', '', '', '', '1480168696', '1480168696', '0', '0', '0', '1', '0'), ('404', '', '', '', '1480168697', '1480168697', '0', '0', '0', '1', '0'), ('405', '', '', '', '1480168873', '1480168873', '0', '0', '0', '1', '0'), ('406', '', '', '', '1480168873', '1480168873', '0', '0', '0', '1', '0'), ('407', '', '', '', '1480168880', '1480168880', '0', '0', '0', '1', '0'), ('408', '', '', '', '1480168880', '1480168880', '0', '0', '0', '1', '0'), ('409', '', '', '', '1480168887', '1480168887', '0', '0', '0', '1', '0'), ('410', '', '', '', '1480168888', '1480168888', '0', '0', '0', '1', '0'), ('411', '', '', '', '1480168922', '1480168922', '0', '0', '0', '1', '0'), ('412', '', '', '', '1480168922', '1480168922', '0', '0', '0', '1', '0'), ('413', '', '', '', '1480169084', '1480169084', '0', '0', '0', '1', '0'), ('414', '', '', '', '1480169084', '1480169084', '0', '0', '0', '1', '0'), ('415', '', '', '', '1480171106', '1480171106', '0', '0', '0', '1', '0'), ('416', '', '', '', '1480171106', '1480171106', '0', '0', '0', '1', '0'), ('417', '', '', '', '1480172061', '1480172061', '0', '0', '0', '1', '0'), ('418', '', '', '', '1480172063', '1480172063', '0', '0', '0', '1', '0'), ('419', '', '', '', '1480172065', '1480172065', '0', '0', '0', '1', '0'), ('420', '', '', '', '1480172066', '1480172066', '0', '0', '0', '1', '0'), ('421', '', '', '', '1480172067', '1480172067', '0', '0', '0', '1', '0'), ('422', '', '', '', '1480172069', '1480172069', '0', '0', '0', '1', '0'), ('423', '', '', '', '1480172071', '1480172071', '0', '0', '0', '1', '0'), ('424', '', '', '', '1480172072', '1480172072', '0', '0', '0', '1', '0'), ('425', '', '', '', '1480172074', '1480172074', '0', '0', '0', '1', '0'), ('426', '', '', '', '1480172099', '1480172099', '0', '0', '0', '1', '0'), ('427', '', '', '', '1480172102', '1480172102', '0', '0', '0', '1', '0'), ('428', '', '', '', '1480172105', '1480172105', '0', '0', '0', '1', '0'), ('429', '', '', '', '1480172108', '1480172108', '0', '0', '0', '1', '0'), ('430', '', '', '', '1480172247', '1480172247', '0', '0', '0', '1', '0'), ('431', '', '', '', '1480172256', '1480172256', '0', '0', '0', '1', '0'), ('432', '', '', '', '1480172277', '1480172277', '0', '0', '0', '1', '0'), ('433', '', '', '', '1480172334', '1480172334', '0', '0', '0', '1', '0'), ('434', '', '', '', '1480172376', '1480172376', '0', '0', '0', '1', '0'), ('435', '', '', '', '1480172408', '1480172408', '0', '0', '0', '1', '0'), ('436', '', '', '', '1480172410', '1480172410', '0', '0', '0', '1', '0'), ('437', '', '', '', '1480172411', '1480172411', '0', '0', '0', '1', '0'), ('438', '', '', '', '1480172467', '1480172467', '0', '0', '0', '1', '0'), ('439', '', '', '', '1480172473', '1480172473', '0', '0', '0', '1', '0'), ('440', '', '', '', '1480172524', '1480172524', '0', '0', '0', '1', '0'), ('441', '', '', '', '1480172526', '1480172526', '0', '0', '0', '1', '0'), ('442', '', '', '', '1480172528', '1480172528', '0', '0', '0', '1', '0'), ('443', '', '', '', '1480172561', '1480172561', '0', '0', '0', '1', '0'), ('444', '', '', '', '1480172563', '1480172563', '0', '0', '0', '1', '0'), ('445', '', '', '', '1480172564', '1480172564', '0', '0', '0', '1', '0'), ('446', '', '', '', '1480172565', '1480172565', '0', '0', '0', '1', '0'), ('447', '', '', '', '1480172612', '1480172612', '0', '0', '0', '1', '0'), ('448', '', '', '', '1480172614', '1480172614', '0', '0', '0', '1', '0'), ('449', '', '', '', '1480172616', '1480172616', '0', '0', '0', '1', '0'), ('450', '', '', '', '1480172618', '1480172618', '0', '0', '0', '1', '0'), ('451', '', '', '', '1480172619', '1480172619', '0', '0', '0', '1', '0'), ('452', '', '', '', '1480172637', '1480172637', '0', '0', '0', '1', '0'), ('453', '', '', '', '1480172639', '1480172639', '0', '0', '0', '1', '0'), ('454', '', '', '', '1480172641', '1480172641', '0', '0', '0', '1', '0'), ('455', '', '', '', '1480172643', '1480172643', '0', '0', '0', '1', '0'), ('457', '', '', '', '1480172669', '1480172669', '0', '0', '0', '1', '0'), ('458', '', '', '', '1480172671', '1480172671', '0', '0', '0', '1', '0'), ('459', '', '', '', '1480172672', '1480172672', '0', '0', '0', '1', '0'), ('460', '', '', '', '1480172677', '1480172677', '0', '0', '0', '1', '0'), ('461', '', '', '', '1480172681', '1480172681', '0', '0', '0', '1', '0'), ('462', '', '', '', '1480172682', '1480172682', '0', '0', '0', '1', '0'), ('463', '', '', '', '1480172684', '1480172684', '0', '0', '0', '1', '0'), ('464', '', '', '', '1480172805', '1480172805', '0', '0', '0', '1', '0'), ('465', '', '', '', '1480172806', '1480172806', '0', '0', '0', '1', '0'), ('466', '', '', '', '1480172820', '1480172820', '0', '0', '0', '1', '0'), ('467', '', '', '', '1480291961', '1480291961', '0', '0', '0', '1', '0'), ('468', '', '', '', '1480292803', '1480292803', '0', '0', '0', '1', '0'), ('469', '', '', '', '1480295388', '1480295388', '0', '0', '0', '1', '0'), ('470', '', '', '', '1480295417', '1480295417', '0', '0', '0', '1', '0'), ('471', '', '', '', '1480295527', '1480295527', '0', '0', '0', '1', '0'), ('472', '', '', '', '1480295536', '1480295536', '0', '0', '0', '1', '0'), ('473', '', '', '', '1480295545', '1480295545', '0', '0', '0', '1', '0'), ('474', '', '', '', '1480295708', '1480295708', '0', '0', '0', '1', '0'), ('475', '', '', '', '1480295708', '1480295708', '0', '0', '0', '1', '0'), ('476', '', '', '', '1480295711', '1480295711', '0', '0', '0', '1', '0'), ('477', '', '', '', '1480295739', '1480295739', '0', '0', '0', '1', '0'), ('478', '', '', '', '1480295939', '1480295939', '0', '0', '0', '1', '0'), ('479', '', '', '', '1480295948', '1480295948', '0', '0', '0', '1', '0'), ('480', '', '', '', '1480295961', '1480295961', '0', '0', '0', '1', '0'), ('481', '', '', '', '1480318147', '1480318147', '0', '0', '0', '1', '0'), ('482', '', '', '', '1480319332', '1480319332', '0', '0', '0', '1', '0'), ('483', '', '', '', '1480319378', '1480319378', '0', '0', '0', '1', '0'), ('484', '', '', '', '1480319393', '1480319393', '0', '0', '0', '1', '0'), ('485', '', '', '', '1480320215', '1480320215', '0', '0', '0', '1', '0'), ('486', '', '', '', '1480320476', '1480320476', '0', '0', '0', '1', '0'), ('487', '', '', '', '1480321751', '1480321751', '0', '0', '0', '1', '0'), ('488', '', '', '', '1480321842', '1480321842', '0', '0', '0', '1', '0'), ('489', '', '', '', '1480344350', '1480344350', '0', '0', '0', '1', '0'), ('490', '', '', '', '1480344362', '1480344362', '0', '0', '0', '1', '0'), ('491', '', '', '', '1480403174', '1480403174', '0', '0', '0', '1', '0'), ('492', '', '', '', '1480404720', '1480404720', '0', '0', '0', '1', '0'), ('493', '', '', '', '1480414993', '1480414993', '0', '0', '0', '1', '0'), ('494', '', '', '', '1480426592', '1480426592', '0', '0', '0', '1', '0'), ('495', '', '', '', '1480426894', '1480426894', '0', '0', '0', '1', '0'), ('496', '', '', '', '1480426969', '1480426969', '0', '0', '0', '1', '0'), ('497', '', '', '', '1480427020', '1480427020', '0', '0', '0', '1', '0'), ('498', '', '', '', '1480427477', '1480427477', '0', '0', '0', '1', '0'), ('499', '', '', '', '1480427488', '1480427488', '0', '0', '0', '1', '0'), ('500', '', '', '', '1480427508', '1480427508', '0', '0', '0', '1', '0'), ('501', '', '', '', '1480428367', '1480428367', '0', '0', '0', '1', '0'), ('502', '', '', '', '1480428539', '1480428539', '0', '0', '0', '1', '0'), ('503', '', '', '', '1480429002', '1480429002', '0', '0', '0', '1', '0'), ('504', '', '', '', '1480429021', '1480429021', '0', '0', '0', '1', '0'), ('505', '', '', '', '1480429064', '1480429064', '0', '0', '0', '1', '0'), ('506', '', '', '', '1480429078', '1480429078', '0', '0', '0', '1', '0'), ('507', '', '', '', '1480429100', '1480429100', '0', '0', '0', '1', '0'), ('508', '', '', '', '1480429115', '1480429115', '0', '0', '0', '1', '0'), ('509', '', '', '', '1480429139', '1480429139', '0', '0', '0', '1', '0'), ('510', '', '', '', '1480429166', '1480429166', '0', '0', '0', '1', '0'), ('511', '', '', '', '1480429183', '1480429183', '0', '0', '0', '1', '0'), ('512', '', '', '', '1480429197', '1480429197', '0', '0', '0', '1', '0'), ('513', '', '', '', '1480432146', '1480432146', '0', '0', '0', '1', '0'), ('514', '', '', '', '1480432172', '1480432172', '0', '0', '0', '1', '0'), ('515', '', '', '', '1480432198', '1480432198', '0', '0', '0', '1', '0'), ('516', '', '', '', '1480432206', '1480432206', '0', '0', '0', '1', '0'), ('517', '', '', '', '1480432207', '1480432207', '0', '0', '0', '1', '0'), ('518', '', '', '', '1480571613', '1480571613', '0', '0', '0', '1', '0'), ('519', '', '', '', '1480571768', '1480571768', '0', '0', '0', '1', '0'), ('520', '', '', '', '1480571799', '1480571799', '0', '0', '0', '1', '0'), ('521', '', '', '', '1480571804', '1480571804', '0', '0', '0', '1', '0'), ('522', '', '', '', '1480571834', '1480571834', '0', '0', '0', '1', '0'), ('523', '', '', '', '1480571938', '1480571938', '0', '0', '0', '1', '0'), ('524', '', '', '', '1480574311', '1480574311', '0', '0', '0', '1', '0'), ('525', '', '', '', '1480574311', '1480574311', '0', '0', '0', '1', '0'), ('526', '', '', '', '1480574400', '1480574400', '0', '0', '0', '1', '0'), ('527', '', '', '', '1480575918', '1480575918', '0', '0', '0', '1', '0'), ('528', '', '', '', '1480666130', '1480666130', '0', '0', '0', '1', '0'), ('529', '', '', '', '1480666151', '1480666151', '0', '0', '0', '1', '0'), ('530', '', '', '', '1481640670', '1481640670', '0', '0', '0', '1', '0'), ('531', '', '', '', '1481640677', '1481640677', '0', '0', '0', '1', '0'), ('532', '', '', '', '1481640678', '1481640678', '0', '0', '0', '1', '0'), ('533', '', '', '', '1481640680', '1481640680', '0', '0', '0', '1', '0'), ('534', '', '', '', '1481640681', '1481640681', '0', '0', '0', '1', '0'), ('535', '', '', '', '1481640811', '1481640811', '0', '0', '0', '1', '0'), ('536', '', '', '', '1481640828', '1481640828', '0', '0', '0', '1', '0'), ('537', '', '', '', '1481703635', '1481703635', '0', '0', '0', '1', '0'), ('538', '', '', '', '1481703639', '1481703639', '0', '0', '0', '1', '0'), ('539', '', '', '', '1481703690', '1481703690', '0', '0', '0', '1', '0'), ('540', '', '', '', '1481703759', '1481703759', '0', '0', '0', '1', '0'), ('541', '', '', '', '1481703894', '1481703894', '0', '0', '0', '1', '0'), ('542', '', '', '', '1481704329', '1481704329', '0', '0', '0', '1', '0'), ('543', '', '', '', '1481711170', '1481711170', '0', '0', '0', '1', '0'), ('544', '', '', '', '1481711738', '1481711738', '0', '0', '0', '1', '0'), ('545', '', '', '', '1481712021', '1481712021', '0', '0', '0', '1', '0'), ('546', '', '', '', '1481712036', '1481712036', '0', '0', '0', '1', '0'), ('547', '', '', '', '1481712304', '1481712304', '0', '0', '0', '1', '0'), ('548', '', '', '', '1481712591', '1481712591', '0', '0', '0', '1', '0'), ('549', '', '', '', '1481712660', '1481712660', '0', '0', '0', '1', '0'), ('550', '', '', '', '1481712874', '1481712874', '0', '0', '0', '1', '0'), ('551', '', '', '', '1481713030', '1481713030', '0', '0', '0', '1', '0'), ('552', '', '', '', '1481713036', '1481713036', '0', '0', '0', '1', '0'), ('553', '', '', '', '1481713472', '1481713472', '0', '0', '0', '1', '0'), ('554', '', '', '', '1481716106', '1481716106', '0', '0', '0', '1', '0'), ('555', '', '', '', '1481716144', '1481716144', '0', '0', '0', '1', '0'), ('556', '', '', '', '1481716636', '1481716636', '0', '0', '0', '1', '0'), ('557', '', '', '', '1481716791', '1481716791', '0', '0', '0', '1', '0'), ('558', '', '', '', '1482067575', '1482067575', '0', '0', '0', '1', '0'), ('559', '', '', '', '1482067700', '1482067700', '0', '0', '0', '1', '0'), ('560', '', '', '', '1482068306', '1482068306', '0', '0', '0', '1', '0'), ('561', '', '', '', '1482068325', '1482068325', '0', '0', '0', '1', '0'), ('562', '', '', '', '1482068339', '1482068339', '0', '0', '0', '1', '0'), ('563', '', '', '', '1482068951', '1482068951', '0', '0', '0', '1', '0'), ('564', '', '', '', '1482069628', '1482069628', '0', '0', '0', '1', '0'), ('565', '', '', '', '1482071253', '1482071253', '0', '0', '0', '1', '0'), ('566', '', '', '', '1482071354', '1482071354', '0', '0', '0', '1', '0'), ('567', '', '', '', '1482071414', '1482071414', '0', '0', '0', '1', '0'), ('568', '', '', '', '1482071437', '1482071437', '0', '0', '0', '1', '0'), ('569', '', '', '', '1482071544', '1482071544', '0', '0', '0', '1', '0'), ('570', '', '', '', '1482071620', '1482071620', '0', '0', '0', '1', '0'), ('571', '', '', '', '1482071642', '1482071642', '0', '0', '0', '1', '0'), ('572', '', '', '', '1482071648', '1482071648', '0', '0', '0', '1', '0'), ('573', '', '', '', '1482071657', '1482071657', '0', '0', '0', '1', '0'), ('574', '', '', '', '1482071826', '1482071826', '0', '0', '0', '1', '0'), ('575', '', '', '', '1482071882', '1482071882', '0', '0', '0', '1', '0'), ('576', '', '', '', '1482072100', '1482072100', '0', '0', '0', '1', '0'), ('577', '', '', '', '1482072224', '1482072224', '0', '0', '0', '1', '0'), ('578', '', '', '', '1482072229', '1482072229', '0', '0', '0', '1', '0'), ('579', '', '', '', '1482072236', '1482072236', '0', '0', '0', '1', '0'), ('580', '', '', '', '1482072322', '1482072322', '0', '0', '0', '1', '0'), ('581', '', '', '', '1482072326', '1482072326', '0', '0', '0', '1', '0'), ('582', '', '', '', '1482072534', '1482072534', '0', '0', '0', '1', '0'), ('583', '', '', '', '1482072819', '1482072819', '0', '0', '0', '1', '0'), ('584', '', '', '', '1482072839', '1482072839', '0', '0', '0', '1', '0'), ('585', '', '', '', '1482072878', '1482072878', '0', '0', '0', '1', '0'), ('586', '', '', '', '1482073164', '1482073164', '0', '0', '0', '1', '0'), ('587', '', '', '', '1482073177', '1482073177', '0', '0', '0', '1', '0'), ('588', '', '', '', '1482073269', '1482073269', '0', '0', '0', '1', '0'), ('589', '', '', '', '1482073454', '1482073454', '0', '0', '0', '1', '0'), ('590', '', '', '', '1482156509', '1482156509', '0', '0', '0', '1', '0'), ('591', '', '', '', '1482156655', '1482156655', '0', '0', '0', '1', '0'), ('592', '', '', '', '1482156754', '1482156754', '0', '0', '0', '1', '0'), ('593', '', '', '', '1482156769', '1482156769', '0', '0', '0', '1', '0'), ('594', '', '', '', '1482156797', '1482156797', '0', '0', '0', '1', '0'), ('595', '', '', '', '1482156821', '1482156821', '0', '0', '0', '1', '0'), ('596', '', '', '', '1482156856', '1482156856', '0', '0', '0', '1', '0'), ('597', '', '', '', '1482156886', '1482156886', '0', '0', '0', '1', '0'), ('598', '', '', '', '1482156907', '1482156907', '0', '0', '0', '1', '0'), ('599', '', '', '', '1482157068', '1482157068', '0', '0', '0', '1', '0'), ('600', '', '', '', '1482157174', '1482157174', '0', '0', '0', '1', '0'), ('601', '', '', '', '1482157182', '1482157182', '0', '0', '0', '1', '0'), ('602', '', '', '', '1482157239', '1482157239', '0', '0', '0', '1', '0'), ('603', '', '', '', '1482157677', '1482157677', '0', '0', '0', '1', '0'), ('604', '', '', '', '1482157882', '1482157882', '0', '0', '0', '1', '0'), ('605', '', '', '', '1482157896', '1482157896', '0', '0', '0', '1', '0'), ('606', '', '', '', '1482158339', '1482158339', '0', '0', '0', '1', '0'), ('607', '', '', '', '1482158366', '1482158366', '0', '0', '0', '1', '0'), ('608', '', '', '', '1482158457', '1482158457', '0', '0', '0', '1', '0'), ('609', '', '', '', '1482158576', '1482158576', '0', '0', '0', '1', '0'), ('610', '', '', '', '1482158762', '1482158762', '0', '0', '0', '1', '0'), ('611', '', '', '', '1482158951', '1482158951', '0', '0', '0', '1', '0'), ('612', '', '', '', '1482158952', '1482158952', '0', '0', '0', '1', '0'), ('613', '', '', '', '1482159133', '1482159133', '0', '0', '0', '1', '0'), ('614', '', '', '', '1482159330', '1482159330', '0', '0', '0', '1', '0'), ('615', '', '', '', '1482159331', '1482159331', '0', '0', '0', '1', '0'), ('616', '', '', '', '1482159341', '1482159341', '0', '0', '0', '1', '0'), ('617', '', '', '', '1482159474', '1482159474', '0', '0', '0', '1', '0'), ('618', '', '', '', '1482160378', '1482160378', '0', '0', '0', '1', '0'), ('619', '', '', '', '1482160404', '1482160404', '0', '0', '0', '1', '0'), ('620', '', '', '', '1482160450', '1482160450', '0', '0', '0', '1', '0'), ('621', '', '', '', '1482160574', '1482160574', '0', '0', '0', '1', '0'), ('622', '', '', '', '1482227664', '1482227664', '0', '0', '0', '1', '0'), ('623', '', '', '', '1482227712', '1482227712', '0', '0', '0', '1', '0'), ('624', '', '', '', '1482227719', '1482227719', '0', '0', '0', '1', '0'), ('625', '', '', '', '1482227758', '1482227758', '0', '0', '0', '1', '0'), ('626', '', '', '', '1482227770', '1482227770', '0', '0', '0', '1', '0'), ('627', '', '', '', '1482227781', '1482227781', '0', '0', '0', '1', '0'), ('628', '', '', '', '1482227796', '1482227796', '0', '0', '0', '1', '0'), ('629', '', '', '', '1482227834', '1482227834', '0', '0', '0', '1', '0'), ('630', '', '', '', '1482227873', '1482227873', '0', '0', '0', '1', '0'), ('631', '', '', '', '1482228029', '1482228029', '0', '0', '0', '1', '0'), ('632', '', '', '', '1482228067', '1482228067', '0', '0', '0', '1', '0'), ('633', '', '', '', '1482228412', '1482228412', '0', '0', '0', '1', '0'), ('634', '', '', '', '1482228531', '1482228531', '0', '0', '0', '1', '0'), ('635', '', '', '', '1482228695', '1482228695', '0', '0', '0', '1', '0'), ('636', '', '', '', '1482228728', '1482228728', '0', '0', '0', '1', '0'), ('637', '', '', '', '1482228772', '1482228772', '0', '0', '0', '1', '0'), ('638', '', '', '', '1482228808', '1482228808', '0', '0', '0', '1', '0'), ('639', '', '', '', '1482228872', '1482228872', '0', '0', '0', '1', '0'), ('640', '', '', '', '1482228935', '1482228935', '0', '0', '0', '1', '0'), ('641', '', '', '', '1482229482', '1482229482', '0', '0', '0', '1', '0'), ('642', '', '', '', '1482229526', '1482229526', '0', '0', '0', '1', '0'), ('643', '', '', '', '1482229545', '1482229545', '0', '0', '0', '1', '0'), ('644', '', '', '', '1482229570', '1482229570', '0', '0', '0', '1', '0'), ('645', '', '', '', '1482229578', '1482229578', '0', '0', '0', '1', '0'), ('646', '', '', '', '1482229581', '1482229581', '0', '0', '0', '1', '0'), ('647', '', '', '', '1482229584', '1482229584', '0', '0', '0', '1', '0'), ('648', '', '', '', '1482229620', '1482229620', '0', '0', '0', '1', '0'), ('649', '', '', '', '1482229623', '1482229623', '0', '0', '0', '1', '0'), ('650', '', '', '', '1482229625', '1482229625', '0', '0', '0', '1', '0'), ('651', '', '', '', '1482229628', '1482229628', '0', '0', '0', '1', '0'), ('652', '', '', '', '1482229629', '1482229629', '0', '0', '0', '1', '0'), ('653', '', '', '', '1482229668', '1482229668', '0', '0', '0', '1', '0'), ('654', '', '', '', '1482229689', '1482229689', '0', '0', '0', '1', '0'), ('655', '', '', '', '1482229694', '1482229694', '0', '0', '0', '1', '0'), ('656', '', '', '', '1482229696', '1482229696', '0', '0', '0', '1', '0'), ('657', '', '', '', '1482229714', '1482229714', '0', '0', '0', '1', '0'), ('658', '', '', '', '1482229735', '1482229735', '0', '0', '0', '1', '0'), ('659', '', '', '', '1482229746', '1482229746', '0', '0', '0', '1', '0'), ('660', '', '', '', '1482230508', '1482230508', '0', '0', '0', '1', '0'), ('661', '', '', '', '1482284294', '1482284294', '0', '0', '0', '1', '0'), ('662', '', '', '', '1482284298', '1482284298', '0', '0', '0', '1', '0'), ('663', '', '', '', '1482284306', '1482284306', '0', '0', '0', '1', '0'), ('664', '', '', '', '1482284314', '1482284314', '0', '0', '0', '1', '0'), ('665', '', 'news', '这是一个长的新闻标题', '1482285280', '1482904326', '0', '0', '0', '15', '0'), ('666', '', 'news', '', '1482285402', '1482285433', '0', '0', '0', '0', '1'), ('667', '', 'news', '这是一个新闻1', '1482285623', '1482894949', '0', '0', '0', '10', '0'), ('668', '', 'news', '这是一个长的新闻标题', '1482285698', '1482288231', '0', '0', '0', '2', '0'), ('669', '', 'inductive', '这是一个操作说明', '1482287905', '1482289520', '0', '0', '0', '3', '0'), ('670', '', 'inductive', '这是一个操作说明', '1482287961', '1482289521', '0', '0', '0', '2', '0'), ('671', '', 'inductive', '这是一个操作说明', '1482287972', '1482289485', '0', '0', '0', '1', '0'), ('672', '', 'news', '这是一个长的新闻标题', '1482288250', '1482288250', '0', '0', '0', '0', '0'), ('673', '', 'news', '这是一个长的新闻标题', '1482288278', '1482289285', '0', '0', '0', '0', '1'), ('674', '', 'news', '这是一个长的新闻标题', '1482288292', '1482826871', '0', '0', '0', '2', '0'), ('675', '', 'inductive', '这是一个操作说明v', '1482289330', '1482289477', '0', '0', '0', '1', '0'), ('676', '', 'news', '这是一个新闻标题', '1482289364', '1482802495', '0', '0', '0', '3', '0'), ('677', '', 'news', '这是一个新闻标题', '1482289374', '1482894930', '0', '0', '0', '46', '0'), ('678', '', 'news', '这是一个新闻标题这是一个新闻标题', '1482289418', '1482894935', '0', '0', '0', '118', '0'), ('679', '', 'inductive', '这是一个操作说明', '1482289446', '1482289475', '0', '0', '0', '1', '0');
COMMIT;

-- ----------------------------
--  Table structure for `tutelib_content_frontpage`
-- ----------------------------
DROP TABLE IF EXISTS `tutelib_content_frontpage`;
CREATE TABLE `tutelib_content_frontpage` (
  `content_id` int(11) NOT NULL,
  `weight` smallint(6) unsigned NOT NULL COMMENT '0',
  `create_time` int(5) unsigned NOT NULL DEFAULT '0',
  `update_time` int(11) unsigned NOT NULL,
  PRIMARY KEY (`content_id`)
) ENGINE=MyISAM DEFAULT CHARSET=utf8 ROW_FORMAT=FIXED COMMENT='首页文章表';

-- ----------------------------
--  Records of `tutelib_content_frontpage`
-- ----------------------------
BEGIN;
INSERT INTO `tutelib_content_frontpage` VALUES ('672', '0', '1482288250', '1482288250'), ('4', '0', '0', '0'), ('668', '0', '1482285698', '1482285698'), ('667', '0', '1482285623', '1482285623'), ('665', '0', '1482285280', '1482285280'), ('669', '0', '1482287905', '1482287905'), ('670', '0', '1482287961', '1482287961'), ('671', '0', '1482287972', '1482287972'), ('675', '0', '1482289330', '1482289330'), ('674', '0', '1482288292', '1482288292'), ('676', '0', '1482289364', '1482289364'), ('677', '0', '1482289374', '1482289374'), ('678', '0', '1482289418', '1482289418'), ('679', '0', '1482289446', '1482289446');
COMMIT;

-- ----------------------------
--  Table structure for `tutelib_content_type`
-- ----------------------------
DROP TABLE IF EXISTS `tutelib_content_type`;
CREATE TABLE `tutelib_content_type` (
  `name` varchar(40) NOT NULL,
  `menu_id` int(11) unsigned NOT NULL DEFAULT '0' COMMENT 'fk 菜单。用于被区块调用后，生成LCURD的信息。',
  `pname` varchar(40) NOT NULL COMMENT '上级name',
  `title` varchar(40) NOT NULL,
  `description` varchar(255) NOT NULL COMMENT '描述',
  `weight` smallint(6) NOT NULL DEFAULT '0' COMMENT '权重',
  `hits` int(11) NOT NULL DEFAULT '0' COMMENT '点击数',
  `fileds` varchar(255) NOT NULL DEFAULT '[]' COMMENT '字段',
  `is_delete` tinyint(1) unsigned NOT NULL DEFAULT '0',
  `update_time` int(11) unsigned NOT NULL,
  `create_time` int(11) unsigned NOT NULL,
  PRIMARY KEY (`name`),
  UNIQUE KEY `name` (`name`)
) ENGINE=MyISAM DEFAULT CHARSET=utf8 ROW_FORMAT=DYNAMIC COMMENT='类别(文章类型)表';

-- ----------------------------
--  Records of `tutelib_content_type`
-- ----------------------------
BEGIN;
INSERT INTO `tutelib_content_type` VALUES ('news', '2', '', '新闻通知', '新闻通知', '0', '0', '[]', '0', '0', '0'), ('feedback', '7', '', '故障反馈', '故障的反馈', '0', '0', '[]', '0', '0', '0'), ('inductive', '11', '', '操作说明', '操作说明的介绍', '0', '0', '[]', '0', '1479803709', '0'), ('course', '3', '', '课表', '课表的管理', '0', '0', '[]', '0', '0', '0'), ('classroom', '7', '', '教室', '教师序号', '0', '0', '[]', '0', '0', '0'), ('fds', '1', '', 'fd', 'fds', '0', '0', '[]', '0', '1481023967', '1481023967');
COMMIT;

-- ----------------------------
--  Table structure for `tutelib_feedback`
-- ----------------------------
DROP TABLE IF EXISTS `tutelib_feedback`;
CREATE TABLE `tutelib_feedback` (
  `id` int(11) unsigned NOT NULL AUTO_INCREMENT,
  `title` text NOT NULL,
  `classroom` varchar(30) NOT NULL,
  `number` int(11) NOT NULL,
  `create_time` int(11) unsigned NOT NULL,
  `update_time` int(11) unsigned NOT NULL,
  `hit` int(11) NOT NULL,
  `email` varchar(30) NOT NULL,
  PRIMARY KEY (`id`)
) ENGINE=InnoDB AUTO_INCREMENT=18 DEFAULT CHARSET=utf8 ROW_FORMAT=COMPACT;

-- ----------------------------
--  Records of `tutelib_feedback`
-- ----------------------------
BEGIN;
INSERT INTO `tutelib_feedback` VALUES ('1', '这是一个故障反馈', 'A12', '21', '0', '0', '0', ''), ('5', '防守打法', 'A123', '12', '1480161739', '1480161739', '0', 'fds@qq'), ('14', 'fdsf', 'A123', '0', '1480168169', '1480168169', '0', ''), ('15', 'fdsfs', 'A123', '0', '1480571827', '1480571827', '0', ''), ('16', 'fsdf', 'A123', '0', '1480572416', '1480572416', '0', ''), ('17', 'fsd', 'A123', '0', '1480572506', '1480572506', '0', '');
COMMIT;

-- ----------------------------
--  Table structure for `tutelib_field`
-- ----------------------------
DROP TABLE IF EXISTS `tutelib_field`;
CREATE TABLE `tutelib_field` (
  `id` int(11) unsigned NOT NULL AUTO_INCREMENT,
  `name` varchar(40) NOT NULL DEFAULT '' COMMENT '机读字段',
  `field_type_name` varchar(40) NOT NULL DEFAULT '' COMMENT 'fk filed',
  `relate_type` varchar(40) NOT NULL DEFAULT '' COMMENT '关联的实体类型',
  `relate_value` varchar(40) NOT NULL DEFAULT '' COMMENT '关联实体类型的具体值',
  `title` varchar(40) NOT NULL DEFAULT '' COMMENT '后台 编辑 添加 时显示的信息',
  `weight` smallint(6) unsigned NOT NULL DEFAULT '0' COMMENT '权重',
  `config` varchar(4096) NOT NULL DEFAULT '[]' COMMENT '字段配置信息 json',
  `filter` varchar(4096) NOT NULL DEFAULT '[]' COMMENT '过滤器，用于前台的输出. 使用字段与实体类型绑定的方法实现过滤器后的输出',
  `update_time` int(11) unsigned NOT NULL,
  `create_time` int(11) unsigned NOT NULL,
  PRIMARY KEY (`id`),
  KEY `name` (`name`),
  KEY `relate_type` (`relate_type`),
  KEY `relate_value` (`relate_value`)
) ENGINE=MyISAM AUTO_INCREMENT=15 DEFAULT CHARSET=utf8 ROW_FORMAT=DYNAMIC COMMENT='字段表 各个实体与字段的对应关系写在这里';

-- ----------------------------
--  Records of `tutelib_field`
-- ----------------------------
BEGIN;
INSERT INTO `tutelib_field` VALUES ('1', 'body', 'body', 'Content', 'news', '内容', '0', '[]', '{\"type\":\"System\",\"function\":\"htmlspecialchars_decode\",\"param\":{\"length\":\"6\",\"ext\":\"...\"}}', '0', '0'), ('2', 'image', 'image', 'Content', 'news', '新闻图片', '1', '[]', '[]', '0', '0'), ('3', 'body', 'body', 'Content', 'products', '新闻内容', '0', '[]', '[]', '0', '0'), ('4', 'titles', 'json', 'Block', 'Slider', '标题', '0', '[]', '[]', '0', '0'), ('6', 'urls', 'json', 'Block', 'Slider', '链接地址', '0', '[]', '[]', '0', '0'), ('5', 'images', 'images', 'Block', 'Slider', '图片链接', '0', '[]', '[]', '0', '0'), ('7', 'headers', 'json', 'Block', 'Slider', '副标题', '0', '[]', '[]', '0', '0'), ('8', 'descriptions', 'json', 'Block', 'Slider', '描述信息', '0', '{\"type\":\"textarea\"}', '[]', '0', '0'), ('9', 'icon', 'text', 'Menu', 'main', '小图标', '0', '[]', '[]', '0', '0'), ('10', 'body', 'body', 'Content', 'inductive', '内容', '0', '[]', '[]', '0', '0'), ('11', 'body', 'body', 'Content', 'course', '课表', '0', '[]', '[]', '0', '0'), ('12', 'body', 'body', 'Content', 'feedback', '故障反馈', '0', '[]', '[]', '0', '0'), ('13', 'image', 'image', 'Content', 'inductive', '图片', '1', '[]', '[]', '0', '0');
COMMIT;

-- ----------------------------
--  Table structure for `tutelib_field_config`
-- ----------------------------
DROP TABLE IF EXISTS `tutelib_field_config`;
CREATE TABLE `tutelib_field_config` (
  `id` int(11) unsigned NOT NULL AUTO_INCREMENT,
  `field_name` varchar(40) NOT NULL DEFAULT '' COMMENT 'fk filed',
  `type` varchar(40) NOT NULL DEFAULT '' COMMENT '绑定的实体类型',
  `value` varchar(40) NOT NULL DEFAULT '' COMMENT '绑定实体类型的具体值',
  `status` tinyint(2) unsigned NOT NULL DEFAULT '0' COMMENT '0启用 1禁用',
  `is_one` tinyint(2) NOT NULL DEFAULT '1' COMMENT '是否唯一. 1: 1对1 ；2：1对多',
  PRIMARY KEY (`id`)
) ENGINE=MyISAM AUTO_INCREMENT=5 DEFAULT CHARSET=utf8 ROW_FORMAT=DYNAMIC COMMENT='字段配置表（各个实体的扩展字段配置）';

-- ----------------------------
--  Records of `tutelib_field_config`
-- ----------------------------
BEGIN;
INSERT INTO `tutelib_field_config` VALUES ('1', 'body', 'Content', 'news', '0', '1'), ('2', 'field_image', 'Content', 'news', '0', '1'), ('3', 'body', 'Content', 'products', '0', '1'), ('4', 'field_image', 'Content', 'inductive', '0', '1');
COMMIT;

-- ----------------------------
--  Table structure for `tutelib_field_data_attachment`
-- ----------------------------
DROP TABLE IF EXISTS `tutelib_field_data_attachment`;
CREATE TABLE `tutelib_field_data_attachment` (
  `id` int(11) unsigned NOT NULL AUTO_INCREMENT,
  `field_id` int(10) unsigned NOT NULL DEFAULT '0' COMMENT 'The entity id this data is attached to',
  `key_id` int(11) unsigned NOT NULL DEFAULT '0',
  `user_name` varchar(40) NOT NULL DEFAULT '' COMMENT 'fk of user_name',
  `name` varchar(100) NOT NULL DEFAULT '' COMMENT '原始文件名',
  `save_name` varchar(100) NOT NULL DEFAULT '' COMMENT '保存文件名',
  `ext` varchar(10) NOT NULL DEFAULT '' COMMENT '扩展名',
  `sha1` varchar(40) NOT NULL,
  `md5` varchar(32) NOT NULL,
  `size` int(11) unsigned NOT NULL DEFAULT '0' COMMENT '文件大小B',
  `mime` varchar(40) NOT NULL DEFAULT '' COMMENT 'MIME',
  `create_time` int(11) unsigned NOT NULL,
  `update_time` int(11) unsigned NOT NULL,
  PRIMARY KEY (`id`),
  KEY `field_id` (`field_id`),
  KEY `key_id` (`key_id`),
  KEY `sha1` (`sha1`),
  KEY `md5` (`md5`)
) ENGINE=InnoDB AUTO_INCREMENT=152 DEFAULT CHARSET=utf8 ROW_FORMAT=COMPACT COMMENT='附件表';

-- ----------------------------
--  Table structure for `tutelib_field_data_body`
-- ----------------------------
DROP TABLE IF EXISTS `tutelib_field_data_body`;
CREATE TABLE `tutelib_field_data_body` (
  `field_id` int(11) unsigned NOT NULL COMMENT 'fk field',
  `key_id` int(11) unsigned NOT NULL COMMENT '对应的关键字ID',
  `value` longtext NOT NULL,
  `is_delete` tinyint(2) unsigned NOT NULL DEFAULT '0',
  `update_time` int(11) unsigned NOT NULL,
  `create_time` int(11) unsigned NOT NULL,
  PRIMARY KEY (`key_id`,`field_id`,`is_delete`),
  KEY `entity_id` (`key_id`)
) ENGINE=InnoDB DEFAULT CHARSET=utf8 ROW_FORMAT=COMPACT COMMENT='Data storage for field 2 (body)';

-- ----------------------------
--  Records of `tutelib_field_data_body`
-- ----------------------------
BEGIN;
INSERT INTO `tutelib_field_data_body` VALUES ('0', '0', '   &lt;p&gt; &lt;/p&gt;\r\n', '0', '1481712626', '1481712626'), ('1', '1', '&lt;p&gt;这里是关于我们的主题这里是关于我们的主题这里是关于我们的主题这里是关于我们的主题这里是关于我们的主题这里是关于我们的主题这里是关于我们的主题这里是关于我们的主题这里是关于我们的主题这里是关于我们的主题这里是关于我们的主题这里是关于我们的主题这里是关于我们的主题这里是关于我们的主题这里是关于我们的主题&lt;img alt=&quot;个人真实性核验单 (1)&quot; src=&quot;/yunzhicms/public/upload/20160907/fecddd331f269a93b55fc16c7c742121.png&quot; /&gt;dfds&lt;/p&gt;\r\n', '0', '1479859643', '0'), ('1', '2', '   &lt;p&gt;    &lt;p&gt; 新闻通知1新闻通知1新闻通知1新闻通知1新闻通知1&lt;/p&gt;\r\n&lt;/p&gt;\r\n', '0', '1479822517', '0'), ('2', '3', '新闻通知2新闻通知2新闻通知2新闻通知2新闻通知2新闻通知2新闻通知2', '0', '0', '0'), ('1', '4', '&lt;p&gt;ceshi&lt;/p&gt;&lt;p&gt;这是一fdsf个测试fd&lt;/p&gt;&lt;p&gt;&lt;br&gt;&lt;/p&gt;&lt;p&gt;&lt;br&gt;&lt;/p&gt;&lt;p&gt;&lt;br&gt;&lt;/p&gt;&lt;p&gt;&lt;br&gt;&lt;/p&gt;&lt;p&gt;&lt;br&gt;&lt;/p&gt;&lt;p&gt;&lt;br&gt;&lt;/p&gt;&lt;p&gt;&lt;br&gt;&lt;/p&gt;&lt;p&gt;&lt;br&gt;&lt;/p&gt;&lt;p&gt;&lt;br&gt;&lt;/p&gt;&lt;p&gt;&lt;br&gt;&lt;/p&gt;&lt;p&gt;&lt;br&gt;&lt;/p&gt;&lt;p&gt;&lt;br&gt;&lt;/p&gt;&lt;p&gt;&lt;br&gt;&lt;/p&gt;&lt;p&gt;&lt;br&gt;&lt;/p&gt;&lt;p&gt;&lt;br&gt;&lt;/p&gt;&lt;p&gt;&lt;br&gt;&lt;/p&gt;&lt;p&gt;&lt;br&gt;&lt;/p&gt;&lt;p&gt;&lt;br&gt;&lt;/p&gt;', '0', '1482287850', '0'), ('10', '9', '操作说明操作说明操作说明操作说明操作说明操作说明操作说明操作说明操作说明操作说明操作说明操作说明操作说明操作说明操作说明操作说明操作说明操作说明操作说明操作说明操作说明操作说明操作说明操作说明操作说明操作说明操作说明操作说明操作说明操作说明操作说明操作说明操作说明操作说明操作说明操作说明操作说明操作说明操作说明操作说明操作说明操作说明操作说明操作说明操作说明操作说明操作说明操作说明操作说明操作说明操作说明操作说明操作说明操作说明操作说明操作说明操作说明操作说明操作说明操作说明操作说明操作说明操作说明操作说明操作说明操作说明操作说明操作说明操作说明操作说明操作说明操作说明操作说明操作说明操作说明操作说明操作说明操作说明操作说明操作说明操作说明操作说明操作说明操作说明操作说明操作说明操作说明操作说明操作说明操作说明操作说明操作说明操作说明操作说明操作说明操作说明操作说明操作说明操作说明操作说明操作说明操作说明操作说明操作说明操作说明操作说明操作说明操作说明操作说明操作说明操作说明操作说明操作说明操作说明操作说明操作说明操作说明操作说明操作说明操作说明', '0', '0', '0'), ('10', '10', '操作说明操作说明操作说明操作说明操作说明操作说明操作说明操作说明操作说明操作说明操作说明操作说明操作说明操作说明操作说明操作说明操作说明操作说明操作说明操作说明操作说明操作说明操作说明操作说明操作说明操作说明操作说明操作说明操作说明操作说明操作说明操作说明操作说明操作说明操作说明操作说明操作说明操作说明操作说明操作说明操作说明操作说明操作说明操作说明操作说明操作说明操作说明操作说明操作说明操作说明操作说明操作说明操作说明操作说明操作说明操作说明操作说明操作说明操作说明操作说明操作说明操作说明操作说明操作说明操作说明操作说明操作说明操作说明操作说明操作说明操作说明操作说明操作说明操作说明操作说明操作说明操作说明操作说明操作说明操作说明操作说明操作说明操作说明操作说明操作说明操作说明操作说明操作说明操作说明操作说明操作说明操作说明操作说明操作说明操作说明操作说明操作说明操作说明操作说明操作说明操作说明操作说明操作说明操作说明操作说明操作说明操作说明操作说明操作说明操作说明操作说明操作说明操作说明操作说明操作说明操作说明操作说明操作说明操作说明操作说明', '0', '0', '0'), ('10', '11', '这是一个标题长的操作说明这是一个标题长的操作说明这是一个标题长的操作说明这是一个标题长的操作说明这是一个标题长的操作说明这是一个标题长的操作说明这是一个标题长的操作说明这是一个标题长的操作说明这是一个标题长的操作说明这是一个标题长的操作说明这是一个标题长的操作说明这是一个标题长的操作说明', '0', '0', '0'), ('10', '12', '这是一个标题长的操作说明这是一个标题长的操作说明这是一个标题长的操作说明这是一个标题长的操作说明这是一个标题长的操作说明这是一个标题长的操作说明这是一个标题长的操作说明这是一个标题长的操作说明这是一个标题长的操作说明', '0', '0', '0'), ('10', '13', '操作说明操作说明操作说明操作说明操作说明操作说明操作说明操作说明操作说明操作说明操作说明操作说明操作说明操作说明操作说明', '0', '0', '0'), ('10', '14', '操作说明操作说明操作说明操作说明操作说明操作说明操作说明操作说明操作说明操作说明操作说明操作说明操作说明操作说明操作说明', '0', '0', '0'), ('10', '15', '操作说明操作说明操作说明操作说明操作说明操作说明操作说明操作说明操作说明操作说明操作说明操作说明操作说明操作说明操作说明', '0', '0', '0'), ('10', '16', '   &lt;p&gt; 操作说明操作说明操作说明操作说明操作说明操作说明操作说明操作说明操作说明操作说明操作说明操作说明操作说明操作说明操作说明&lt;/p&gt;\r\n', '0', '1482288181', '0'), ('10', '17', '操作说明操作说明操作说明操作说明操作说明操作说明操作说明操作说明操作说明操作说明操作说明操作说明操作说明操作说明操作说明', '0', '0', '0'), ('10', '301', '&lt;p&gt;fds&lt;/p&gt;\r\n', '0', '1479864625', '1479864625'), ('10', '302', '&lt;p&gt;操作说明操作说明操作说明操作说明操作说明操作说明操作说明操作说明操作说明操作说明操作说明操作说明操作说明操作说明操作说明操作说明操作说明操作说明操作说明操作说明操作说明操作说明操作说明操作说明操作说明操作说明操作说明操作说明操作说明操作说明操作说明操作说明操作说明操作说明操作说明操作说明操作说明操作说明操作说明操作说明操作说明操作说明操作说明操作说明操作说明&lt;/p&gt;\r\n', '0', '1479864694', '1479864694'), ('10', '303', '&lt;p&gt;&lt;a href=&quot;http://127.0.0.1/tutecms/public/inductive/10.html&quot;&gt;这是一个标题长的操作说明这是一个标题长的操作说明这是一个标题长的操作说明这是一个标题长的操作说明这是一个标题长的操作说明这是一个标题长的操作说明这是一个标题长的操作说明&lt;/a&gt;&lt;/p&gt;\r\n', '0', '1479864777', '1479864777'), ('10', '304', '&lt;p&gt;&lt;a href=&quot;http://127.0.0.1/tutecms/public/inductive/10.html&quot;&gt;这是一个标题长的操作说明这是一个标题长的操作说明这是一个标题长的操作说明这是一个标题长的操作说明这是一个标题长的操作说明这是一个标题长的操作说明这是一个标题长的操作说明这是一个标题长的操作说明这是一个标题长的操作说明这是一个标题长的操作说明这是一个标题长的操作说明&lt;/a&gt;&lt;/p&gt;\r\n', '0', '1479864801', '1479864801'), ('10', '305', '&lt;p&gt;&lt;a href=&quot;http://127.0.0.1/tutecms/public/inductive/10.html&quot;&gt;这是一个标题长的操作说明这是一个标题长的操作说明这是一个标题长的操作说明这是一个标题长的操作说明这是一个标题长的操作说明这是一个标题长的操作说明这是一个标题长的操作说明这是一个标题长的操作说明这是一个标题长的操作说明这是一个标题长的操作说明这是一个标题长的操作说明这是一个标题长的操作说明这是一个标题长的操作说明这是一个标题长的操作说明这是一个标题长的操作说明&lt;/a&gt;&lt;/p&gt;\r\n', '0', '1479864813', '1479864813'), ('10', '306', '&lt;p&gt;&lt;a href=&quot;http://127.0.0.1/tutecms/public/inductive/10.html&quot;&gt;这是一个标题长的操作说明这是一个标题长的操作说明这是一个标题长的操作说明这是一个标题长的操作说明这是一个标题长的操作说明这是一个标题长的操作说明这是一个标题长的操作说明这是一个标题长的操作说明这是一个标题长的操作说明这是一个标题长的操作说明这是一个标题长的操作说明这是一个标题长的操作说明这是一个标题长的操作说明&lt;/a&gt;&lt;/p&gt;\r\n', '0', '1479864824', '1479864824'), ('10', '307', '&lt;p&gt;&lt;a href=&quot;http://127.0.0.1/tutecms/public/inductive/10.html&quot;&gt;这是一个标题长的操作说明这是一个标题长的操作说明这是一个标题长的操作说明这是一个标题长的操作说明这是一个标题长的操作说明这是一个标题长的操作说明这是一个标题长的操作说明这是一个标题长的操作说明这是一个标题长的操作说明这是一个标题长的操作说明这是一个标题长的操作说明这是一个标题长的操作说明这是一个标题长的操作说明&lt;/a&gt;&lt;/p&gt;\r\n', '0', '1479864833', '1479864833'), ('10', '308', '&lt;p&gt;&lt;a href=&quot;http://127.0.0.1/tutecms/public/inductive/10.html&quot;&gt;这是一个标题长的操作说明这是一个标题长的操作说明这是一个标题长的操作说明这是一个标题长的操作说明这是一个标题长的操作说明这是一个标题长的操作说明这是一个标题长的操作说明这是一个标题长的操作说明这是一个标题长的操作说明这是一个标题长的操作说明&lt;/a&gt;&lt;/p&gt;\r\n', '0', '1479864845', '1479864845'), ('10', '309', '&lt;p&gt;&lt;a href=&quot;http://127.0.0.1/tutecms/public/inductive/10.html&quot;&gt;这是一个标题长的操作说明这是一个标题长的操作说明这是一个标题长的操作说明这是一个标题长的操作说明这是一个标题长的操作说明这是一个标题长的操作说明这是一个标题长的操作说明&lt;/a&gt;&lt;/p&gt;\r\n', '0', '1479864854', '1479864854'), ('1', '310', '&lt;p&gt;这是一个长的新闻标题这是一个长的新闻标题这是一个长的新闻标题这是一个长的新闻标题这是一个长的新闻标题&lt;/p&gt;\r\n', '0', '1479910663', '1479910663'), ('1', '311', '&lt;p&gt;&lt;b&gt;这是一个长的新闻标题这是一个长的新闻标题这是一个长的新闻标题这是一个长的新闻标题这是一个长的新闻标题这是一个长的新闻标题&lt;/b&gt;&lt;/p&gt;\r\n', '0', '1479910682', '1479910682'), ('1', '313', '&lt;p&gt;这是一个很长的标题这是一个很长的标题这是一个很长的标题这是一个很长的标题这是一个很长的标题这是一个很长的标题&lt;/p&gt;\r\n', '0', '1479911067', '1479911067'), ('1', '314', '&lt;p&gt;11这是一个很长的标题这是一个很长的标题这是一个很长的标题这是一个很长的标题这是一个很长的标题这是一个很长的标题这是一个很长的标题&lt;/p&gt;\r\n', '0', '1479912998', '1479911187'), ('1', '315', '&lt;p&gt;这是一个很长的标题这是一个很长的标题这是一个很长的标题这是一个很长的标题这是一个很长的标题这是一个很长的标题&lt;/p&gt;\r\n', '0', '1479911203', '1479911203'), ('12', '317', '这是一个故障反馈', '0', '0', '0'), ('1', '667', '&lt;p&gt;&lt;br&gt;&lt;/p&gt;&lt;p&gt;这是一个新闻内容sd&lt;/p&gt;&lt;p&gt;&lt;br&gt;&lt;/p&gt;&lt;p&gt;&lt;br&gt;&lt;/p&gt;', '0', '1482287751', '1482285623'), ('1', '668', '&lt;p&gt;&lt;a href=&quot;http://127.0.0.1/tutecms/public/news/665.html&quot;&gt;这是一个长的新闻标题&lt;/a&gt;&lt;/p&gt;&lt;a href=&quot;http://127.0.0.1/tutecms/public/news/665.html&quot;&gt;这是一个长的新闻标题&lt;/a&gt;&lt;a href=&quot;http://127.0.0.1/tutecms/public/news/665.html&quot;&gt;这是一个长的新闻标题&lt;/a&gt;&lt;a href=&quot;http://127.0.0.1/tutecms/public/news/665.html&quot;&gt;这是一个长的新闻标题&lt;/a&gt;&lt;a href=&quot;http://127.0.0.1/tutecms/public/news/665.html&quot;&gt;这是一个长的新闻标题&lt;/a&gt;&lt;p&gt;&lt;a data-cke-saved-href=&quot;http://127.0.0.1/tutecms/public/news/665.html&quot; href=&quot;http://127.0.0.1/tutecms/public/news/665.html&quot;&gt;这是一个长的新闻标题&lt;/a&gt;&lt;a href=&quot;http://127.0.0.1/tutecms/public/news/665.html&quot; style=&quot;background-color: rgb(255, 255, 255);&quot;&gt;这是一个长的新闻标题&lt;/a&gt;&lt;/p&gt;&lt;p&gt;&lt;a data-cke-saved-href=&quot;http://127.0.0.1/tutecms/public/news/665.html&quot; href=&quot;http://127.0.0.1/tutecms/public/news/665.html&quot;&gt;这是一个长的新闻标题这是一个长的新闻标题这是一个长的新闻标题这是一个长的新闻标题这是一个长的新闻标题&lt;/a&gt;&lt;br&gt;&lt;/p&gt;&lt;p&gt;&lt;br&gt;&lt;/p&gt;', '0', '1482288231', '1482285698'), ('10', '669', '&lt;p&gt;&lt;br&gt;&lt;/p&gt;&lt;p&gt;这是一个操作说明这是一个操作说明这是一个操作说明这是一个操作说明这是一个操作说明这是一个操作说明这是一个操作说明这是一个操作说明这是一个操作说明这是一个操作说明&lt;/p&gt;&lt;p&gt;&lt;br&gt;&lt;/p&gt;&lt;p&gt;&lt;br&gt;&lt;/p&gt;', '0', '1482288200', '1482287905'), ('10', '670', '&lt;p&gt;这是一个操作说明这是一个操作说明这是一个操作说明&lt;/p&gt;\r\n', '0', '1482287961', '1482287961'), ('10', '671', '&lt;p&gt;这是一个操作说明这是一个操作说明这是一个操作说明这是一个操作说明这是一个操作说明这是一个操作说明这是一个操作说明&lt;/p&gt;\r\n', '0', '1482287972', '1482287972'), ('1', '672', '&lt;p&gt;&lt;a href=&quot;http://127.0.0.1/tutecms/public/news/665.html&quot;&gt;这是一个长的新闻标题这是一个长的新闻标题这是一个长的新闻标题这是一个长的新闻标题这是一个长的新闻标题&lt;/a&gt;&lt;/p&gt;\r\n', '0', '1482288250', '1482288250'), ('1', '673', '&lt;p&gt;&lt;a href=&quot;http://127.0.0.1/tutecms/public/news/665.html&quot;&gt;这是一个长的新闻标题这是一个长的新闻标题这是一个长的新闻标题这是一个长的新闻标题&lt;/a&gt;&lt;/p&gt;\r\n', '0', '1482288278', '1482288278'), ('1', '674', '   &lt;p&gt; &lt;p&gt;&lt;a href=&quot;http://127.0.0.1/tutecms/public/news/665.html&quot;&gt;这是一个长的新闻标题这是一个长的新闻标题这是一个长的新闻标题这是一个长的新闻标题&lt;/a&gt;&lt;/p&gt;\r\n&lt;/p&gt;\r\n', '0', '1482826871', '1482288292'), ('10', '675', '&lt;p&gt;这是一个操作说明这是一个操作说明这是一个操作说明这是一个操作说明这是一个操作说明这是一个操作说明&lt;/p&gt;\r\n', '0', '1482289330', '1482289330'), ('1', '676', '&lt;p&gt;这是一个新闻标题这是一个新闻标题这是一个新闻标题这是一个新闻标题这是一个新闻标题这是一个新闻标题&lt;/p&gt;\r\n', '0', '1482289364', '1482289364'), ('1', '677', '   &lt;p&gt;    &lt;/p&gt;&lt;p&gt; &lt;/p&gt;&lt;p&gt;这是一个新闻标题这是一个新闻标题这是一个新闻标题这是一个新闻标题这是一个新闻标题这是一个新闻标题&lt;img src=&quot;/tutecms/public/upload/20161226/644e5bb8fa0ea162851e4cac0a4f2ae5.png&quot; alt=&quot;240-3&quot; style=&quot;max-width: 100%;&quot;&gt;&lt;br&gt;&lt;/p&gt;&lt;p&gt;&lt;/p&gt;&lt;p style=&quot;text-align: left; background-color: rgb(255, 255, 255); color: rgb(51, 51, 51); font-family: Roboto, sans-serif; font-size: 16px;&quot;&gt;&lt;/p&gt;&lt;p&gt;&lt;br&gt;&lt;/p&gt;', '0', '1482748089', '1482289374'), ('1', '678', '   &lt;p&gt;    &lt;p&gt;    &lt;p&gt;    &lt;p&gt;    &lt;p&gt;    &lt;p&gt;    &lt;p&gt; &lt;p&gt;这是一个新闻标题这是一个新闻标题这是一个新闻标题这是一个新闻标题这是一个新闻标题这是一个新闻标题&lt;/p&gt;\r\n&lt;/p&gt;\r\n&lt;/p&gt;\r\n&lt;/p&gt;\r\n&lt;/p&gt;\r\n&lt;/p&gt;\r\n&lt;/p&gt;\r\n&lt;/p&gt;\r\n', '0', '1482826243', '1482289418'), ('10', '679', '&lt;p&gt;这是一个新闻标题这是一个新闻标题这是一个新闻标题这是一个新闻标题这是一个新闻标题&lt;/p&gt;\r\n', '0', '1482289446', '1482289446');
COMMIT;

-- ----------------------------
--  Table structure for `tutelib_field_data_comment_body`
-- ----------------------------
DROP TABLE IF EXISTS `tutelib_field_data_comment_body`;
CREATE TABLE `tutelib_field_data_comment_body` (
  `entity_type` varchar(128) NOT NULL DEFAULT '' COMMENT 'The entity type this data is attached to',
  `bundle` varchar(128) NOT NULL DEFAULT '' COMMENT 'The field instance bundle to which this row belongs, used when deleting a field instance',
  `deleted` tinyint(4) NOT NULL DEFAULT '0' COMMENT 'A boolean indicating whether this data item has been deleted',
  `entity_id` int(10) unsigned NOT NULL COMMENT 'The entity id this data is attached to',
  `revision_id` int(10) unsigned DEFAULT NULL COMMENT 'The entity revision id this data is attached to, or NULL if the entity type is not versioned',
  `language` varchar(32) NOT NULL DEFAULT '' COMMENT 'The language for this data item.',
  `delta` int(10) unsigned NOT NULL COMMENT 'The sequence number for this data item, used for multi-value fields',
  `comment_body_value` longtext,
  `comment_body_format` varchar(255) DEFAULT NULL,
  PRIMARY KEY (`entity_type`,`entity_id`,`deleted`,`delta`,`language`),
  KEY `entity_type` (`entity_type`),
  KEY `bundle` (`bundle`),
  KEY `deleted` (`deleted`),
  KEY `entity_id` (`entity_id`),
  KEY `revision_id` (`revision_id`),
  KEY `language` (`language`),
  KEY `comment_body_format` (`comment_body_format`)
) ENGINE=InnoDB DEFAULT CHARSET=utf8 ROW_FORMAT=COMPACT COMMENT='Data storage for field 1 (comment_body)';

-- ----------------------------
--  Table structure for `tutelib_field_data_field_tags`
-- ----------------------------
DROP TABLE IF EXISTS `tutelib_field_data_field_tags`;
CREATE TABLE `tutelib_field_data_field_tags` (
  `entity_type` varchar(128) NOT NULL DEFAULT '' COMMENT 'The entity type this data is attached to',
  `bundle` varchar(128) NOT NULL DEFAULT '' COMMENT 'The field instance bundle to which this row belongs, used when deleting a field instance',
  `deleted` tinyint(4) NOT NULL DEFAULT '0' COMMENT 'A boolean indicating whether this data item has been deleted',
  `entity_id` int(10) unsigned NOT NULL COMMENT 'The entity id this data is attached to',
  `revision_id` int(10) unsigned DEFAULT NULL COMMENT 'The entity revision id this data is attached to, or NULL if the entity type is not versioned',
  `language` varchar(32) NOT NULL DEFAULT '' COMMENT 'The language for this data item.',
  `delta` int(10) unsigned NOT NULL COMMENT 'The sequence number for this data item, used for multi-value fields',
  `field_tags_tid` int(10) unsigned DEFAULT NULL,
  PRIMARY KEY (`entity_type`,`entity_id`,`deleted`,`delta`,`language`),
  KEY `entity_type` (`entity_type`),
  KEY `bundle` (`bundle`),
  KEY `deleted` (`deleted`),
  KEY `entity_id` (`entity_id`),
  KEY `revision_id` (`revision_id`),
  KEY `language` (`language`),
  KEY `field_tags_tid` (`field_tags_tid`)
) ENGINE=InnoDB DEFAULT CHARSET=utf8 ROW_FORMAT=COMPACT COMMENT='Data storage for field 3 (field_tags)';

-- ----------------------------
--  Table structure for `tutelib_field_data_image`
-- ----------------------------
DROP TABLE IF EXISTS `tutelib_field_data_image`;
CREATE TABLE `tutelib_field_data_image` (
  `id` int(11) unsigned NOT NULL AUTO_INCREMENT,
  `field_id` int(10) unsigned NOT NULL DEFAULT '0' COMMENT 'The entity id this data is attached to',
  `key_id` int(11) unsigned NOT NULL DEFAULT '0',
  `user_name` varchar(40) NOT NULL DEFAULT '' COMMENT 'fk of user_name',
  `name` varchar(100) NOT NULL DEFAULT '' COMMENT '原始文件名',
  `save_name` varchar(100) NOT NULL DEFAULT '' COMMENT '保存文件名',
  `ext` varchar(10) NOT NULL DEFAULT '' COMMENT '扩展名',
  `sha1` varchar(40) NOT NULL,
  `md5` varchar(32) NOT NULL,
  `size` int(11) unsigned NOT NULL DEFAULT '0' COMMENT '文件大小B',
  `mime` varchar(40) NOT NULL DEFAULT '' COMMENT 'MIME',
  `create_time` int(11) unsigned NOT NULL,
  `update_time` int(11) unsigned NOT NULL,
  PRIMARY KEY (`id`),
  KEY `field_id` (`field_id`),
  KEY `key_id` (`key_id`),
  KEY `sha1` (`sha1`),
  KEY `md5` (`md5`)
) ENGINE=InnoDB AUTO_INCREMENT=156 DEFAULT CHARSET=utf8 ROW_FORMAT=COMPACT COMMENT='附件表';

-- ----------------------------
--  Records of `tutelib_field_data_image`
-- ----------------------------
BEGIN;
INSERT INTO `tutelib_field_data_image` VALUES ('152', '2', '678', '', '204-4.png', '20161226/644e5bb8fa0ea162851e4cac0a4f2ae5.png', 'png', 'e56ecdc4c814978bac6ba857e476f440b1ad0591', 'd80444a06441e02f3b790cd74ae45a36', '161280', 'image/jpeg', '1482747678', '1482826243'), ('153', '2', '677', '', '240-1.png', '20161226/5cc79723f9def790808feee9c50aaeab.png', 'png', 'd6e2bb275f5dddf10089d698b51f647b61cf887f', '9c56f6adb0f50734af427a7597c8e066', '175715', 'image/jpeg', '1482748000', '1482748089'), ('154', '0', '0', '', '204-4.png', '20161226/644e5bb8fa0ea162851e4cac0a4f2ae5.png', 'png', 'e56ecdc4c814978bac6ba857e476f440b1ad0591', 'd80444a06441e02f3b790cd74ae45a36', '161280', 'image/jpeg', '1482748086', '1482748086'), ('155', '2', '674', '', '1(1).png', '20161227/97ff0bf0e572ce015642a9b0c64543e4.png', 'png', 'bf6a665d8ca77a768713512bf301d4f49ac89225', '1001481ef624b5dd485bf986620f3157', '37333', 'image/png', '1482826868', '1482826871');
COMMIT;

-- ----------------------------
--  Table structure for `tutelib_field_data_images`
-- ----------------------------
DROP TABLE IF EXISTS `tutelib_field_data_images`;
CREATE TABLE `tutelib_field_data_images` (
  `id` int(11) unsigned NOT NULL AUTO_INCREMENT,
  `field_id` int(11) unsigned NOT NULL DEFAULT '0' COMMENT 'fk field',
  `key_id` int(11) unsigned NOT NULL DEFAULT '0' COMMENT 'fk ...',
  `user_name` varchar(40) NOT NULL COMMENT 'fk user',
  `value` varchar(4096) NOT NULL DEFAULT '',
  `update_time` int(11) unsigned NOT NULL,
  `create_time` int(11) unsigned NOT NULL,
  PRIMARY KEY (`id`)
) ENGINE=MyISAM AUTO_INCREMENT=7 DEFAULT CHARSET=utf8 ROW_FORMAT=DYNAMIC COMMENT='多图片字段.使用json格式进行存储';

-- ----------------------------
--  Records of `tutelib_field_data_images`
-- ----------------------------
BEGIN;
INSERT INTO `tutelib_field_data_images` VALUES ('2', '5', '2', '', '[\"\\/yunzhicms\\/public\\/upload\\/20160912\\/53b68492cfa0c681e9a7d54f74d3fecb.jpg\",\"\\/yunzhicms\\/public\\/upload\\/20160912\\/4816be8aab31bc3dd96a068babf7b3f1.jpg\",\"\"]', '1481711142', '0'), ('6', '2', '4', '', '\"132\"', '1482068287', '1482068264');
COMMIT;

-- ----------------------------
--  Table structure for `tutelib_field_data_json`
-- ----------------------------
DROP TABLE IF EXISTS `tutelib_field_data_json`;
CREATE TABLE `tutelib_field_data_json` (
  `id` int(11) unsigned NOT NULL AUTO_INCREMENT,
  `field_id` int(11) unsigned NOT NULL DEFAULT '0' COMMENT 'fk field',
  `key_id` int(11) unsigned NOT NULL DEFAULT '0' COMMENT 'fk ...',
  `user_name` varchar(40) NOT NULL COMMENT 'fk user',
  `value` varchar(4096) NOT NULL DEFAULT '',
  `update_time` int(11) unsigned NOT NULL,
  PRIMARY KEY (`id`)
) ENGINE=MyISAM AUTO_INCREMENT=6 DEFAULT CHARSET=utf8 ROW_FORMAT=DYNAMIC;

-- ----------------------------
--  Records of `tutelib_field_data_json`
-- ----------------------------
BEGIN;
INSERT INTO `tutelib_field_data_json` VALUES ('1', '4', '2', '', '[\"\\u8fd9\\u662f\\u4e3b\\u6807\\u98981\",\"\\u8fd9\\u662f\\u4e3b\\u6807\\u9898\",\"\\u8fd9\\u662f\\u4e3b\\u9898\\u4e09\"]', '1481711142'), ('2', '5', '2', '', '[\"\\u94fe\\u63a51\",\"\\u5730\\u57404\",\"\"]', '0'), ('3', '6', '2', '', '[\"http:\\/\\/www.mengyunzhi.com\",\"http:\\/\\/www.scse.hebut.edu.cn\",\"http:\\/\\/www.scse.hebut.edu.cn\"]', '1481711142'), ('4', '7', '2', '', '[\"\\u8fd9\\u662f\\u526f\\u6807\\u98981\",\"\\u8fd9\\u662f\\u526f\\u6807\\u98982\",\"\\u8fd9\\u662f\\u526f\\u6807\\u98983\"]', '1481711142'), ('5', '8', '2', '', '[\"\\u8fd9\\u91cc\\u662f\\u63cf\\u8ff0\\u4fe1\\u606f\\uff1a\\u56fe\\u7247\\u4e0a\\u4f20\\u7684\\u89c4\\u683c\\u4e3a1920*500, \\u975e\\u8be5\\u89c4\\u683c\\u4f1a\\u8fdb\\u884c\\u81ea\\u52a8\\u7684\\u62c9\\u4f38\\u3002\\u5982\\u679c\\u56fe\\u7247\\u4e0a\\u4f20\\u540e\\u6709\\u4e9b\\u6697\\uff0c\\u662f\\u6b63\\u5e38\\u73b0\\u8c61\\u3002\\u8bf7\\u589e\\u52a0\\u4eae\\u5ea6\\u540e\\u91cd\\u65b0\\u4e0a\\u4f20\\u3002\",\"\\u7531\\u4e8e\\u5b57\\u4f53\\u4e3a\\u767d\\u8272\\uff0c\\u6240\\u4ee5\\u6211\\u4eec\\u5bf9\\u56fe\\u7247\\u8fdb\\u884c\\u4e86\\u8499\\u677f\\u5904\\u7406\\u3002\\u4e0a\\u4f20\\u56fe\\u7247\\u540e\\uff0c\\u5c06\\u4f1a\\u770b\\u5230\\u56fe\\u7247\\u4e0a\\u65b9\\u6709\\u4e00\\u5c42\\u534a\\u900f\\u660e\\u7684\\u8499\\u677f\\uff0c\\u8fd9\\u662f\\u6b63\\u5e38\\u7684\\u73b0\\u8c61\\u3002\\u5f53\\u7136\\u4e86\\uff0c\\u5373\\u4f7f\\u662f\\u8fd9\\u6837\\uff0c\\u6211\\u4eec\\u4e5f\\u5e76\\u4e0d\\u63a8\\u8350\\u4f7f\\u7528\\u767d\\u8272\\u7684\\u80cc\\u666f\\u56fe\\u7247\\u3002\",\"\\u6d4b\\u8bd5\"]', '1481711142');
COMMIT;

-- ----------------------------
--  Table structure for `tutelib_field_data_text`
-- ----------------------------
DROP TABLE IF EXISTS `tutelib_field_data_text`;
CREATE TABLE `tutelib_field_data_text` (
  `id` int(11) unsigned NOT NULL AUTO_INCREMENT,
  `field_id` int(11) unsigned NOT NULL DEFAULT '0' COMMENT 'fk field',
  `key_id` int(11) unsigned NOT NULL DEFAULT '0' COMMENT 'fk ...',
  `user_name` varchar(40) NOT NULL COMMENT 'fk user',
  `value` varchar(255) NOT NULL DEFAULT '',
  PRIMARY KEY (`id`)
) ENGINE=MyISAM AUTO_INCREMENT=2 DEFAULT CHARSET=utf8 ROW_FORMAT=DYNAMIC;

-- ----------------------------
--  Table structure for `tutelib_field_type`
-- ----------------------------
DROP TABLE IF EXISTS `tutelib_field_type`;
CREATE TABLE `tutelib_field_type` (
  `name` varchar(40) NOT NULL,
  `status` tinyint(2) unsigned NOT NULL DEFAULT '0' COMMENT '0启用，1禁用',
  `title` varchar(40) NOT NULL DEFAULT '',
  `description` varchar(255) NOT NULL DEFAULT '',
  PRIMARY KEY (`name`)
) ENGINE=MyISAM DEFAULT CHARSET=utf8 ROW_FORMAT=DYNAMIC COMMENT='字段类型表';

-- ----------------------------
--  Records of `tutelib_field_type`
-- ----------------------------
BEGIN;
INSERT INTO `tutelib_field_type` VALUES ('body', '0', '富文本', ''), ('image', '0', '图片', ''), ('text', '0', '文本', '');
COMMIT;

-- ----------------------------
--  Table structure for `tutelib_filter`
-- ----------------------------
DROP TABLE IF EXISTS `tutelib_filter`;
CREATE TABLE `tutelib_filter` (
  `type` varchar(40) NOT NULL COMMENT '类型（对应过滤器的类名）',
  `function` varchar(40) NOT NULL COMMENT '方法名',
  `param` varchar(4096) NOT NULL COMMENT '参数及参数的说明、默认值（json）',
  `title` varchar(40) NOT NULL COMMENT '标题',
  `description` varchar(100) NOT NULL COMMENT '描述',
  `author` varchar(40) NOT NULL COMMENT '作者',
  `version` varchar(40) NOT NULL COMMENT '版本号',
  `website` varchar(100) NOT NULL COMMENT '网址',
  `demo_url` varchar(100) NOT NULL COMMENT '示例站点URL',
  `email` varchar(100) NOT NULL COMMENT '作者邮箱',
  PRIMARY KEY (`type`,`function`)
) ENGINE=MyISAM DEFAULT CHARSET=utf8 ROW_FORMAT=DYNAMIC COMMENT='过滤器表';

-- ----------------------------
--  Records of `tutelib_filter`
-- ----------------------------
BEGIN;
INSERT INTO `tutelib_filter` VALUES ('System', 'makeFrontpageContentUrl', '[]', '首页新闻链接', '直接生成首页新闻链接（直接链接到 Content组件）', '梦云智', '1.0.0', 'http://www.mengyunzhi.com', 'http://www.mengyunzhi.com', '3792535@qq.com'), ('System', 'makeCurrentMenuReadUrl', '[]', '生成菜单URL', '生成菜单对应的路由URL信息', '', '', '', '', ''), ('String', 'substr', '{\"length\":{\"value\":40,\"title\":\"\\u622a\\u53d6\\u957f\\u5ea6\",\"type\":\"text\",\"description\":\"\\u622a\\u53d6\\u7684UTF8\\u7f16\\u7801\\u7684\\u957f\\u5ea6\"},\"ext\":{\"value\":\"...\",\"title\":\"\\u540e\\u7f00\",\"type\":\"text\",\"description\":\"\\u5c06\\u53d1\\u751f\\u622a\\u53d6\\u64cd\\u4f5c\\u540e\\uff0c\\u586b\\u5145\\u5728\\u6807\\u9898\\u540e\\u9762\\u7684\\u540e\\u7f00\\u4fe1\\u606f\"}}', '标题截取', '对UTF8编码的标题进行截取', '', '', '', '', ''), ('Date', 'format', '{\"dateFormat\":{\"value\":\"Y-m-d\",\"title\":\"\\u65f6\\u95f4\\u6233\\u683c\\u5f0f\\u5316\",\"description\":\"\\u5bf9\\u65f6\\u95f4\\u6233\\u8fdb\\u884c\\u683c\\u5f0f\\u5316\",\"type\":\"text\"}}', '时间戳格式化', '时间戳格式化', '', '', '', '', ''), ('System', 'makeContentReadUrl', '[]', '生成新闻读链接', '根据新闻对应的类别信息，取类别的URL信息，生成LCURD路由', '', '', '', '', ''), ('System', 'makeInductiveContentUrl', '[]', '生成操作说明的链接', '直接生成操作说明的链接', '', '', '', '', '');
COMMIT;

-- ----------------------------
--  Table structure for `tutelib_menu`
-- ----------------------------
DROP TABLE IF EXISTS `tutelib_menu`;
CREATE TABLE `tutelib_menu` (
  `id` int(11) unsigned NOT NULL AUTO_INCREMENT,
  `menu_type_name` varchar(40) NOT NULL DEFAULT '' COMMENT 'FK(menu_type)菜单类型',
  `component_name` varchar(40) NOT NULL DEFAULT '' COMMENT '组件组',
  `title` varchar(32) NOT NULL DEFAULT '' COMMENT '标题，用于直接显示在前台中',
  `pid` int(10) unsigned NOT NULL DEFAULT '0' COMMENT 'The parent link ID (plid) is the mlid of the link above in the hierarchy, or zero if the link is at the top level in its menu.',
  `url` varchar(255) NOT NULL DEFAULT '' COMMENT '在前台中显示的路径，即URL',
  `is_hidden` tinyint(2) unsigned NOT NULL DEFAULT '0' COMMENT '是否隐藏',
  `weight` int(11) NOT NULL DEFAULT '0' COMMENT '权重',
  `description` varchar(255) NOT NULL DEFAULT '' COMMENT '描述',
  `config` varchar(255) NOT NULL DEFAULT '[]' COMMENT '配置参数（json）',
  `filter` varchar(255) NOT NULL DEFAULT '[]' COMMENT '过滤器参数',
  `is_home` tinyint(2) unsigned NOT NULL DEFAULT '0' COMMENT '是否首页',
  `status` tinyint(2) unsigned NOT NULL DEFAULT '0' COMMENT '0启用，1禁用',
  `update_time` smallint(6) unsigned NOT NULL DEFAULT '0',
  `create_time` smallint(6) NOT NULL DEFAULT '0',
  `is_delete` tinyint(1) unsigned NOT NULL DEFAULT '0',
  PRIMARY KEY (`id`),
  KEY `list` (`weight`,`is_delete`)
) ENGINE=InnoDB AUTO_INCREMENT=13 DEFAULT CHARSET=utf8 ROW_FORMAT=COMPACT COMMENT='菜单表（每一个菜单对应唯一的一个组件）';

-- ----------------------------
--  Records of `tutelib_menu`
-- ----------------------------
BEGIN;
INSERT INTO `tutelib_menu` VALUES ('1', 'main', 'Home', '首页', '0', '', '0', '0', '首页', '{\"count\":\"6\",\"contentTypeName\":\"inductive\"}', '{\"title\":{\"type\":\"String\",\"function\":\"substr\",\"param\":{\"length\":\"6\",\"ext\":\"...\"}},\"href\":{\"type\":\"System\",\"function\":\"makeInductiveContentUrl\",\"param\":[]}}', '1', '0', '65535', '0', '0'), ('2', 'main', 'ContentList', '新闻通知', '0', 'news', '0', '0', '这里是描述信息', '{\"contentTypeName\":\"news\",\"count\":\"1\",\"order\":\"weight desc, id desc\"}', '{\"title\":{\"type\":\"String\",\"function\":\"substr\",\"param\":{\"length\":\"10\",\"ext\":\"...\"}},\"href\":{\"type\":\"System\",\"function\":\"makeCurrentMenuReadUrl\",\"param\":[]},\"date\":{\"type\":\"Date\",\"function\":\"format\",\"param\":{\"dateFormat\":\"Y-m-d\"}}}', '0', '0', '65535', '0', '0'), ('3', 'main', 'Course', '课表', '0', 'course', '1', '0', '用于学生的课表查询', '{\"contentTypeName\":\"course\",\"count\":\"1\",\"order\":\"weight desc, id desc\"}', '[]', '0', '0', '65535', '0', '0'), ('6', 'main', 'Login', '个人中心', '0', 'login', '1', '0', '用于用户登陆与注销', '[]', '[]', '0', '0', '0', '0', '0'), ('7', 'main', 'FeedBack', '故障反馈', '0', 'feedback', '1', '0', '用于显示用户的故障反馈', '{\"contentTypeName\":\"feedback\",\"count\":\"1\",\"order\":\"weight desc, id desc\"}', '[]', '0', '0', '0', '0', '0'), ('8', 'main', 'User', '反馈详情', '0', 'feedback/detail', '1', '0', '用于显示用户反馈的详细信息', '[]', '[]', '0', '0', '0', '0', '0'), ('10', 'main', 'ContentList', '院级新闻', '0', 'news/school', '1', '0', '用于显示首页链接的新闻', '{\"contentTypeName\":\"news\",\"count\":\"1\",\"order\":\"weight desc, id desc\"}', '{\"date\":{\"type\":\"Date\",\"function\":\"format\",\"param\":{\"dateFormat\":\"m-d\"}},\"href\":{\"type\":\"System\",\"function\":\"makeCurrentMenuReadUrl\",\"param\":[]}}', '0', '0', '65535', '0', '0'), ('11', 'main', 'ContentList', '操作手册', '0', 'inductive', '0', '0', '用于显示操作说明', '{\"contentTypeName\":\"inductive\",\"count\":\"1\",\"order\":\"weight desc, id desc\"}', '{\"title\":{\"type\":\"String\",\"function\":\"substr\",\"param\":{\"length\":\"10\",\"ext\":\"...\"}},\"href\":{\"type\":\"System\",\"function\":\"makeCurrentMenuReadUrl\",\"param\":[]},\"date\":{\"type\":\"Date\",\"function\":\"format\",\"param\":{\"dateFormat\":\"Y-m-d\"}}}', '0', '0', '65535', '32767', '0'), ('12', 'main', 'Curriculum', '课表信息', '0', 'curriculum', '1', '0', '用于站点编辑人员对课程信息的编辑', '{\"count\":\"10\",\"contentTypeName\":\"inductive\"}', '[]', '0', '0', '0', '0', '0');
COMMIT;

-- ----------------------------
--  Table structure for `tutelib_menu_type`
-- ----------------------------
DROP TABLE IF EXISTS `tutelib_menu_type`;
CREATE TABLE `tutelib_menu_type` (
  `name` varchar(40) NOT NULL,
  `title` varchar(32) NOT NULL DEFAULT '' COMMENT '标题',
  `description` varchar(255) NOT NULL DEFAULT '' COMMENT '描述',
  `is_delete` tinyint(2) unsigned NOT NULL DEFAULT '0',
  PRIMARY KEY (`name`)
) ENGINE=MyISAM DEFAULT CHARSET=utf8 ROW_FORMAT=DYNAMIC COMMENT='菜单类型表（主要为了可以使用区块进行菜单的调用）';

-- ----------------------------
--  Records of `tutelib_menu_type`
-- ----------------------------
BEGIN;
INSERT INTO `tutelib_menu_type` VALUES ('main', '主菜单', '主菜单', '0');
COMMIT;

-- ----------------------------
--  Table structure for `tutelib_plugin`
-- ----------------------------
DROP TABLE IF EXISTS `tutelib_plugin`;
CREATE TABLE `tutelib_plugin` (
  `id` int(11) unsigned NOT NULL AUTO_INCREMENT,
  `plugin_type_name` varchar(40) NOT NULL COMMENT 'fk plugin_type 插件类型',
  `position_name` varchar(40) NOT NULL COMMENT 'fk of plugin_position',
  `title` varchar(40) NOT NULL,
  `description` varchar(255) NOT NULL,
  `status` tinyint(2) unsigned NOT NULL,
  `config` varchar(4096) NOT NULL DEFAULT '[]',
  `filter` varchar(4096) NOT NULL DEFAULT '[]',
  `weight` smallint(6) unsigned NOT NULL DEFAULT '0' COMMENT '权重',
  `is_delete` int(2) unsigned zerofill DEFAULT '00',
  `update_time` int(11) unsigned DEFAULT NULL,
  `create_time` int(11) unsigned DEFAULT NULL,
  PRIMARY KEY (`id`)
) ENGINE=MyISAM AUTO_INCREMENT=8 DEFAULT CHARSET=utf8 ROW_FORMAT=DYNAMIC COMMENT='插件表';

-- ----------------------------
--  Records of `tutelib_plugin`
-- ----------------------------
BEGIN;
INSERT INTO `tutelib_plugin` VALUES ('1', 'PreNextContent', 'weizhi1', '文章后', '这是描述', '0', '', '{\"href\":{\"name\":\"href\",\"type\":\"System\",\"function\":\"makeContentReadUrl\"}}', '0', '0', '1474704189', null), ('2', 'PreNextContent', 'weizhi1', '', '', '0', '[]', '[]', '0', '0', '1474709108', '1474709108'), ('3', 'chajianceshi1', 'weizhi2', '测试1', '阿萨', '0', '[]', '[]', '0', '0', '1474709149', '1474709149'), ('4', 'PreNextContent', 'weizhi1', 'sa', 'sa', '0', '[]', '[]', '0', '0', '1474717031', '1474710021'), ('5', 'PreNextContent', 'weizhi1', '', '', '0', '[]', '[]', '0', '0', '1474716952', '1474710204'), ('6', 'chajianceshi1', 'weizhi1', 'haun', 'sdad', '0', '[]', '{\"href\":{\"name\":\"href\",\"type\":\"System\",\"function\":\"makeContentReadUrl\"}}', '0', '0', '1474717237', '1474717103'), ('7', 'PreNextContent', 'weizhi1', '', '', '0', '[]', '{\"href\":{\"name\":\"href\",\"type\":\"System\",\"function\":\"makeContentReadUrl\"}}', '0', '0', '1474717342', '1474717271');
COMMIT;

-- ----------------------------
--  Table structure for `tutelib_plugin_type`
-- ----------------------------
DROP TABLE IF EXISTS `tutelib_plugin_type`;
CREATE TABLE `tutelib_plugin_type` (
  `name` varchar(40) NOT NULL,
  `title` varchar(40) NOT NULL DEFAULT '',
  `description` varchar(255) NOT NULL DEFAULT '',
  PRIMARY KEY (`name`)
) ENGINE=MyISAM DEFAULT CHARSET=utf8 ROW_FORMAT=DYNAMIC COMMENT='插件类型表';

-- ----------------------------
--  Records of `tutelib_plugin_type`
-- ----------------------------
BEGIN;
INSERT INTO `tutelib_plugin_type` VALUES ('PreNextContent', '上一篇、下一篇文章', '');
COMMIT;

-- ----------------------------
--  Table structure for `tutelib_position`
-- ----------------------------
DROP TABLE IF EXISTS `tutelib_position`;
CREATE TABLE `tutelib_position` (
  `name` varchar(40) NOT NULL,
  `title` varchar(40) NOT NULL DEFAULT '',
  `description` varchar(255) NOT NULL DEFAULT '',
  `type` varchar(40) NOT NULL DEFAULT 'blcok' COMMENT '类型: block 区块，plugin 插件',
  `theme_name` varchar(40) NOT NULL DEFAULT '' COMMENT 'fk of theme',
  PRIMARY KEY (`name`)
) ENGINE=MyISAM DEFAULT CHARSET=utf8 ROW_FORMAT=DYNAMIC COMMENT='位置表，记录着某个主题(theme)下的插件(plugin)及区块(block)位置信息';

-- ----------------------------
--  Records of `tutelib_position`
-- ----------------------------
BEGIN;
INSERT INTO `tutelib_position` VALUES ('main', '位置', '', 'blcok', 'default'), ('menu', '位置', '', 'blcok', 'default'), ('weizhi1', '位置', '', 'plugin', 'default'), ('weizhi2', '位置', '', 'plugin', 'default');
COMMIT;

-- ----------------------------
--  Table structure for `tutelib_theme`
-- ----------------------------
DROP TABLE IF EXISTS `tutelib_theme`;
CREATE TABLE `tutelib_theme` (
  `name` varchar(40) NOT NULL,
  `title` varchar(40) NOT NULL DEFAULT '',
  `description` varchar(255) NOT NULL DEFAULT '',
  `is_current` tinyint(2) unsigned NOT NULL DEFAULT '0' COMMENT '是否激活. 0未激活，1已激活',
  `author` varchar(40) NOT NULL DEFAULT '',
  `version` varchar(40) NOT NULL DEFAULT '',
  `update_time` int(11) NOT NULL,
  `create_time` int(11) NOT NULL,
  PRIMARY KEY (`name`)
) ENGINE=MyISAM DEFAULT CHARSET=utf8 ROW_FORMAT=DYNAMIC COMMENT='主题表';

-- ----------------------------
--  Records of `tutelib_theme`
-- ----------------------------
BEGIN;
INSERT INTO `tutelib_theme` VALUES ('default', '默认主题', '', '0', '梦云智', '', '1475064567', '0'), ('exmachina', 'exmachina', '', '0', 'panjie@yunzhiclub.com', '', '0', '0'), ('transport', 'transport', '', '1', 'panjie@yunzhiclub.com', '', '0', '0'), ('theory', 'theory', '', '0', 'panjie@yunzhiclub.com', '', '0', '0'), ('tute', 'test', '', '0', '', '', '0', '0');
COMMIT;

-- ----------------------------
--  Table structure for `tutelib_user`
-- ----------------------------
DROP TABLE IF EXISTS `tutelib_user`;
CREATE TABLE `tutelib_user` (
  `id` smallint(11) unsigned NOT NULL AUTO_INCREMENT,
  `username` varchar(40) NOT NULL DEFAULT '',
  `qq_open_id` varchar(40) NOT NULL DEFAULT '' COMMENT 'qq 认证openid',
  `password` varchar(40) NOT NULL DEFAULT '',
  `name` varchar(40) NOT NULL DEFAULT '' COMMENT '真实姓名',
  `status` tinyint(2) unsigned NOT NULL DEFAULT '0' COMMENT '0正常 1冻结',
  `user_group_name` varchar(40) NOT NULL DEFAULT '' COMMENT 'fk user_group',
  `create_time` smallint(6) unsigned NOT NULL,
  `update_time` smallint(6) unsigned NOT NULL,
  `is_delete` tinyint(2) unsigned NOT NULL DEFAULT '0' COMMENT '1已删除',
  `is_admin` tinyint(2) unsigned NOT NULL,
  PRIMARY KEY (`id`),
  UNIQUE KEY `email` (`username`)
) ENGINE=MyISAM AUTO_INCREMENT=8 DEFAULT CHARSET=utf8 ROW_FORMAT=DYNAMIC COMMENT='用户表';

-- ----------------------------
--  Records of `tutelib_user`
-- ----------------------------
BEGIN;
INSERT INTO `tutelib_user` VALUES ('1', 'admin@admin', '', '', '梦云智', '1', 'admin', '0', '65535', '0', '0'), ('2', '598545211@qq.com', '', '111', '2', '0', 'admin', '0', '65535', '0', '0'), ('3', '', '', '', 'f', '0', 'public', '65535', '65535', '1', '0'), ('4', '59854521111@qq.com', '', '111111', '111', '0', 'public', '65535', '65535', '0', '0'), ('5', '5985452111111@qq.com', '', '111', '111', '1', 'public', '65535', '65535', '0', '0'), ('6', '5985www45211@qq.com', '', '111111', '123', '0', 'public', '65535', '65535', '0', '0'), ('7', 'admin@123', '', 'admin', '', '0', 'editor', '0', '0', '0', '0');
COMMIT;

-- ----------------------------
--  Table structure for `tutelib_user_group`
-- ----------------------------
DROP TABLE IF EXISTS `tutelib_user_group`;
CREATE TABLE `tutelib_user_group` (
  `name` varchar(40) NOT NULL,
  `title` varchar(40) NOT NULL DEFAULT '' COMMENT '名称',
  `description` varchar(255) NOT NULL DEFAULT '' COMMENT '描述',
  `create_time` smallint(6) unsigned NOT NULL DEFAULT '0',
  `update_time` smallint(6) unsigned NOT NULL DEFAULT '0',
  `is_delete` tinyint(2) unsigned NOT NULL DEFAULT '0',
  PRIMARY KEY (`name`)
) ENGINE=MyISAM DEFAULT CHARSET=utf8 ROW_FORMAT=DYNAMIC COMMENT='用户组（用户类型）表';

-- ----------------------------
--  Records of `tutelib_user_group`
-- ----------------------------
BEGIN;
INSERT INTO `tutelib_user_group` VALUES ('admin', '超级管理员', '拥有开发权限', '0', '0', '0'), ('editor', '站点编辑人员', '对站点进行管理', '0', '0', '0'), ('register', '注册用户', '注册用户，拥有对权限新闻的查看权限', '0', '0', '0'), ('public', '公共用户', '浏览网站的用户', '0', '0', '0');
COMMIT;

-- ----------------------------
--  Table structure for `yunzhi_access_menu_block`
-- ----------------------------
DROP TABLE IF EXISTS `yunzhi_access_menu_block`;
CREATE TABLE `yunzhi_access_menu_block` (
  `menu_id` int(11) NOT NULL DEFAULT '0' COMMENT 'fk menu',
  `block_id` int(11) NOT NULL DEFAULT '0' COMMENT 'fk block',
  PRIMARY KEY (`menu_id`,`block_id`)
) ENGINE=InnoDB DEFAULT CHARSET=latin1 ROW_FORMAT=COMPACT COMMENT='菜单-区块 权限表';

-- ----------------------------
--  Records of `yunzhi_access_menu_block`
-- ----------------------------
BEGIN;
INSERT INTO `yunzhi_access_menu_block` VALUES ('1', '1'), ('1', '2'), ('1', '3'), ('2', '1'), ('2', '7'), ('3', '1'), ('3', '7'), ('4', '1'), ('4', '7'), ('5', '1'), ('5', '7'), ('6', '1'), ('6', '7');
COMMIT;

-- ----------------------------
--  Table structure for `yunzhi_access_menu_plugin`
-- ----------------------------
DROP TABLE IF EXISTS `yunzhi_access_menu_plugin`;
CREATE TABLE `yunzhi_access_menu_plugin` (
  `menu_id` int(11) unsigned NOT NULL,
  `plugin_id` int(11) unsigned NOT NULL,
  PRIMARY KEY (`menu_id`,`plugin_id`)
) ENGINE=MyISAM DEFAULT CHARSET=utf8 ROW_FORMAT=FIXED COMMENT='菜单-插件 权限表';

-- ----------------------------
--  Records of `yunzhi_access_menu_plugin`
-- ----------------------------
BEGIN;
INSERT INTO `yunzhi_access_menu_plugin` VALUES ('3', '1');
COMMIT;

-- ----------------------------
--  Table structure for `yunzhi_access_user_group_block`
-- ----------------------------
DROP TABLE IF EXISTS `yunzhi_access_user_group_block`;
CREATE TABLE `yunzhi_access_user_group_block` (
  `user_group_name` varchar(40) NOT NULL COMMENT 'fk user_group 用户组外键',
  `block_id` int(11) unsigned NOT NULL COMMENT 'fk block 区块外键',
  `action` varchar(40) NOT NULL DEFAULT '',
  PRIMARY KEY (`user_group_name`,`block_id`,`action`)
) ENGINE=MyISAM DEFAULT CHARSET=utf8 ROW_FORMAT=DYNAMIC COMMENT='用户组-菜单 权限表。权限设置(LCURD)';

-- ----------------------------
--  Table structure for `yunzhi_access_user_group_field`
-- ----------------------------
DROP TABLE IF EXISTS `yunzhi_access_user_group_field`;
CREATE TABLE `yunzhi_access_user_group_field` (
  `user_group_name` varchar(40) NOT NULL COMMENT 'fk user_group 用户组外键',
  `field_id` int(11) unsigned NOT NULL COMMENT 'fk field 字段外键',
  PRIMARY KEY (`user_group_name`,`field_id`)
) ENGINE=MyISAM DEFAULT CHARSET=utf8 ROW_FORMAT=DYNAMIC COMMENT='用户组 字段 权限设置';

-- ----------------------------
--  Table structure for `yunzhi_access_user_group_menu`
-- ----------------------------
DROP TABLE IF EXISTS `yunzhi_access_user_group_menu`;
CREATE TABLE `yunzhi_access_user_group_menu` (
  `user_group_name` varchar(40) NOT NULL COMMENT 'fk user_group 用户组外键',
  `menu_id` int(11) unsigned NOT NULL COMMENT 'fk menu 菜单外键',
  `action` varchar(40) NOT NULL DEFAULT '',
  PRIMARY KEY (`user_group_name`,`menu_id`,`action`)
) ENGINE=MyISAM DEFAULT CHARSET=utf8 ROW_FORMAT=DYNAMIC COMMENT='用户组-菜单 权限表。权限设置(LCURD)';

-- ----------------------------
--  Table structure for `yunzhi_block`
-- ----------------------------
DROP TABLE IF EXISTS `yunzhi_block`;
CREATE TABLE `yunzhi_block` (
  `id` int(11) unsigned NOT NULL AUTO_INCREMENT,
  `block_type_name` varchar(40) NOT NULL DEFAULT '' COMMENT 'fk block_type',
  `menu_id` int(11) unsigned NOT NULL DEFAULT '0' COMMENT 'fk menu 菜单FK。模块如果想实现LCURD，则必然需要组件支持。而组件则需要菜单支持。所以关系是区块对应菜单，菜单对应组件。',
  `position_name` varchar(40) NOT NULL DEFAULT '' COMMENT 'fk position',
  `title` varchar(40) NOT NULL DEFAULT '',
  `description` varchar(255) NOT NULL DEFAULT '',
  `status` tinyint(2) NOT NULL DEFAULT '0' COMMENT '0启用 1禁用',
  `weight` smallint(6) unsigned NOT NULL DEFAULT '0' COMMENT '权重',
  `config` varchar(255) NOT NULL DEFAULT '[]' COMMENT '配置信息json',
  `filter` varchar(255) NOT NULL DEFAULT '[]' COMMENT '过滤器信息json',
  `update_time` smallint(6) unsigned NOT NULL,
  `create_time` smallint(6) unsigned NOT NULL,
  `delete_time` smallint(6) unsigned NOT NULL,
  `is_delete` tinyint(1) unsigned NOT NULL DEFAULT '0',
  PRIMARY KEY (`id`),
  KEY `'is_delete'` (`is_delete`)
) ENGINE=MyISAM AUTO_INCREMENT=8 DEFAULT CHARSET=utf8 ROW_FORMAT=DYNAMIC COMMENT='区块表';

-- ----------------------------
--  Records of `yunzhi_block`
-- ----------------------------
BEGIN;
INSERT INTO `yunzhi_block` VALUES ('1', 'Menu', '0', 'menu', '主菜单', '显示在页面上方', '0', '0', '{\"menu_type_name\":\"main\",\"id\":\"cssmenu\"}', '[]', '65535', '0', '0', '0'), ('2', 'Slider', '0', 'slider', '幻灯片', '', '0', '0', '[]', '[]', '0', '0', '0', '0'), ('3', 'ContentVideo', '0', 'main', '文字视频介绍', '', '0', '0', '[]', '[]', '0', '0', '0', '0'), ('4', 'DataCounter', '0', 'main', '数据统计', '', '0', '0', '[]', '[]', '0', '0', '0', '0'), ('5', 'CaseShow', '0', 'main', '案例展示', '', '0', '0', '[]', '[]', '0', '0', '0', '0'), ('6', 'ShowCaseSlider', '0', 'main', '动态案例展示', '', '0', '0', '[]', '[]', '0', '0', '0', '0'), ('7', 'BreadCrumb', '0', 'breadCrumb', '面包屑', '', '0', '0', '[]', '[]', '65535', '0', '0', '0');
COMMIT;

-- ----------------------------
--  Table structure for `yunzhi_block_type`
-- ----------------------------
DROP TABLE IF EXISTS `yunzhi_block_type`;
CREATE TABLE `yunzhi_block_type` (
  `name` varchar(40) NOT NULL,
  `title` varchar(40) NOT NULL,
  `description` varchar(255) NOT NULL,
  PRIMARY KEY (`name`)
) ENGINE=MyISAM DEFAULT CHARSET=utf8 ROW_FORMAT=DYNAMIC COMMENT='区块类型表';

-- ----------------------------
--  Records of `yunzhi_block_type`
-- ----------------------------
BEGIN;
INSERT INTO `yunzhi_block_type` VALUES ('Menu', '菜单', '显示菜单'), ('BreadCrumb', '面包屑', ''), ('Slider', '幻灯片', ''), ('ContentVideo', '文字视频介绍', '通常用于首页的关于我们'), ('DataCounter', '数据统计', '数据统计'), ('CaseShow', '案例展示', ''), ('ShowCaseSlider', '动态案例展示', '');
COMMIT;

-- ----------------------------
--  Table structure for `yunzhi_component`
-- ----------------------------
DROP TABLE IF EXISTS `yunzhi_component`;
CREATE TABLE `yunzhi_component` (
  `name` varchar(40) NOT NULL DEFAULT '' COMMENT '类名',
  `title` varchar(255) NOT NULL DEFAULT '' COMMENT '标题',
  `description` varchar(255) NOT NULL DEFAULT '' COMMENT '描述',
  `author` varchar(255) NOT NULL DEFAULT '' COMMENT '作者',
  `version` varchar(255) NOT NULL DEFAULT '' COMMENT '版本',
  PRIMARY KEY (`name`)
) ENGINE=MyISAM DEFAULT CHARSET=utf8 ROW_FORMAT=DYNAMIC COMMENT='组件（类型）表';

-- ----------------------------
--  Records of `yunzhi_component`
-- ----------------------------
BEGIN;
INSERT INTO `yunzhi_component` VALUES ('Home', '首页', '用于显示首页', 'panjie', '1.0.0'), ('ContentList', '新闻列表', '新闻列表页，显示新闻列表及展示新闻详情', 'panjie', '1.0.0'), ('Content', '新闻', '显示一篇新闻', '', ''), ('Login', '登陆注销', '用于用户的登陆与注销', 'mengyunzhi', '1.0.0');
COMMIT;

-- ----------------------------
--  Table structure for `yunzhi_content`
-- ----------------------------
DROP TABLE IF EXISTS `yunzhi_content`;
CREATE TABLE `yunzhi_content` (
  `id` int(11) unsigned NOT NULL AUTO_INCREMENT,
  `user_name` varchar(40) NOT NULL DEFAULT '' COMMENT 'FK 用户名',
  `content_type_name` varchar(40) NOT NULL DEFAULT '' COMMENT 'FK 类别名',
  `title` varchar(255) NOT NULL DEFAULT '' COMMENT '标题',
  `create_time` int(5) unsigned NOT NULL DEFAULT '0',
  `update_time` int(5) unsigned NOT NULL DEFAULT '0',
  `delete_time` int(5) unsigned NOT NULL DEFAULT '0',
  `is_freezed` tinyint(2) NOT NULL DEFAULT '0' COMMENT '是否冻结',
  `weight` smallint(6) NOT NULL,
  `hit` int(11) NOT NULL,
  `is_delete` tinyint(2) unsigned NOT NULL DEFAULT '0',
  PRIMARY KEY (`id`),
  KEY `category_name` (`content_type_name`),
  KEY `is_freezed` (`is_freezed`),
  KEY `is_deleted` (`is_delete`)
) ENGINE=MyISAM AUTO_INCREMENT=271 DEFAULT CHARSET=utf8 ROW_FORMAT=DYNAMIC COMMENT='文章表';

-- ----------------------------
--  Records of `yunzhi_content`
-- ----------------------------
BEGIN;
INSERT INTO `yunzhi_content` VALUES ('1', '', 'news', '这是一条新闻', '1232323111', '1474938567', '0', '0', '0', '450', '0'), ('2', '', 'news', '这是另一条新闻', '1232323111', '1472446019', '0', '0', '0', '142', '0'), ('3', '', 'products', ' 这是一个产品的新闻', '0', '1472446012', '0', '0', '0', '43', '0');
COMMIT;

-- ----------------------------
--  Table structure for `yunzhi_content_frontpage`
-- ----------------------------
DROP TABLE IF EXISTS `yunzhi_content_frontpage`;
CREATE TABLE `yunzhi_content_frontpage` (
  `content_id` int(11) NOT NULL,
  `weight` smallint(6) unsigned NOT NULL COMMENT '0',
  `create_time` int(5) unsigned NOT NULL DEFAULT '0',
  PRIMARY KEY (`content_id`)
) ENGINE=MyISAM DEFAULT CHARSET=utf8 ROW_FORMAT=FIXED COMMENT='首页文章表';

-- ----------------------------
--  Records of `yunzhi_content_frontpage`
-- ----------------------------
BEGIN;
INSERT INTO `yunzhi_content_frontpage` VALUES ('1', '0', '0'), ('2', '2', '0'), ('3', '1', '0');
COMMIT;

-- ----------------------------
--  Table structure for `yunzhi_content_type`
-- ----------------------------
DROP TABLE IF EXISTS `yunzhi_content_type`;
CREATE TABLE `yunzhi_content_type` (
  `name` varchar(40) NOT NULL,
  `menu_id` int(11) unsigned NOT NULL DEFAULT '0' COMMENT 'fk 菜单。用于被区块调用后，生成LCURD的信息。',
  `pname` varchar(40) NOT NULL COMMENT '上级name',
  `title` varchar(40) NOT NULL,
  `description` varchar(255) NOT NULL COMMENT '描述',
  `weight` smallint(6) NOT NULL DEFAULT '0' COMMENT '权重',
  `hits` int(11) NOT NULL DEFAULT '0' COMMENT '点击数',
  `fileds` varchar(255) NOT NULL DEFAULT '[]' COMMENT '字段',
  PRIMARY KEY (`name`),
  UNIQUE KEY `name` (`name`)
) ENGINE=MyISAM DEFAULT CHARSET=utf8 ROW_FORMAT=DYNAMIC COMMENT='类别(文章类型)表';

-- ----------------------------
--  Records of `yunzhi_content_type`
-- ----------------------------
BEGIN;
INSERT INTO `yunzhi_content_type` VALUES ('news', '3', '', '新闻通知', '新闻通知', '0', '0', '[]'), ('products', '2', '', '产品列表', '', '0', '0', '[]');
COMMIT;

-- ----------------------------
--  Table structure for `yunzhi_field`
-- ----------------------------
DROP TABLE IF EXISTS `yunzhi_field`;
CREATE TABLE `yunzhi_field` (
  `id` int(11) unsigned NOT NULL AUTO_INCREMENT,
  `name` varchar(40) NOT NULL DEFAULT '' COMMENT '机读字段',
  `field_type_name` varchar(40) NOT NULL DEFAULT '' COMMENT 'fk filed',
  `relate_type` varchar(40) NOT NULL DEFAULT '' COMMENT '关联的实体类型',
  `relate_value` varchar(40) NOT NULL DEFAULT '' COMMENT '关联实体类型的具体值',
  `title` varchar(40) NOT NULL DEFAULT '' COMMENT '后台 编辑 添加 时显示的信息',
  `weight` smallint(6) unsigned NOT NULL DEFAULT '0' COMMENT '权重',
  `config` varchar(4096) NOT NULL DEFAULT '[]' COMMENT '字段配置信息 json',
  `filter` varchar(4096) NOT NULL DEFAULT '[]' COMMENT '过滤器，用于前台的输出. 使用字段与实体类型绑定的方法实现过滤器后的输出',
  PRIMARY KEY (`id`),
  KEY `name` (`name`),
  KEY `relate_type` (`relate_type`),
  KEY `relate_value` (`relate_value`)
) ENGINE=MyISAM AUTO_INCREMENT=11 DEFAULT CHARSET=utf8 ROW_FORMAT=DYNAMIC COMMENT='字段表 各个实体与字段的对应关系写在这里';

-- ----------------------------
--  Records of `yunzhi_field`
-- ----------------------------
BEGIN;
INSERT INTO `yunzhi_field` VALUES ('1', 'body', 'body', 'Content', 'news', '内容', '0', '[]', '{\"type\":\"System\",\"function\":\"htmlspecialchars_decode\",\"param\":{\"length\":\"6\",\"ext\":\"...\"}}'), ('2', 'image', 'image', 'Content', 'news', '新闻图片', '1', '[]', '[]'), ('3', 'body', 'body', 'Content', 'products', '新闻内容', '0', '[]', '[]'), ('4', 'titles', 'json', 'Block', 'Slider', '标题', '0', '[]', '[]'), ('6', 'urls', 'json', 'Block', 'Slider', '链接地址', '0', '[]', '[]'), ('5', 'images', 'images', 'Block', 'Slider', '图片链接', '0', '[]', '[]'), ('7', 'headers', 'json', 'Block', 'Slider', '副标题', '0', '[]', '[]'), ('8', 'descriptions', 'json', 'Block', 'Slider', '描述信息', '0', '{\"type\":\"textarea\"}', '[]'), ('10', 'attachment', 'Attachment', 'Content', 'news', '附件', '0', '[]', '[]');
COMMIT;

-- ----------------------------
--  Table structure for `yunzhi_field_data_attachment`
-- ----------------------------
DROP TABLE IF EXISTS `yunzhi_field_data_attachment`;
CREATE TABLE `yunzhi_field_data_attachment` (
  `id` int(11) unsigned NOT NULL AUTO_INCREMENT,
  `field_id` int(10) unsigned NOT NULL DEFAULT '0' COMMENT 'The entity id this data is attached to',
  `key_id` int(11) unsigned NOT NULL DEFAULT '0',
  `user_name` varchar(40) NOT NULL DEFAULT '' COMMENT 'fk of user_name',
  `name` varchar(100) NOT NULL DEFAULT '' COMMENT '原始文件名',
  `save_name` varchar(100) NOT NULL DEFAULT '' COMMENT '保存文件名',
  `ext` varchar(10) NOT NULL DEFAULT '' COMMENT '扩展名',
  `sha1` varchar(40) NOT NULL,
  `md5` varchar(32) NOT NULL,
  `size` int(11) unsigned NOT NULL DEFAULT '0' COMMENT '文件大小B',
  `mime` varchar(40) NOT NULL DEFAULT '' COMMENT 'MIME',
  `create_time` int(11) unsigned NOT NULL,
  `update_time` int(11) unsigned NOT NULL,
  PRIMARY KEY (`id`),
  KEY `field_id` (`field_id`),
  KEY `key_id` (`key_id`),
  KEY `sha1` (`sha1`),
  KEY `md5` (`md5`)
) ENGINE=InnoDB AUTO_INCREMENT=69 DEFAULT CHARSET=utf8 ROW_FORMAT=COMPACT COMMENT='附件表';

-- ----------------------------
--  Records of `yunzhi_field_data_attachment`
-- ----------------------------
BEGIN;
INSERT INTO `yunzhi_field_data_attachment` VALUES ('49', '0', '0', '', '3.jpg', '20160926/5f83ec7d5b66e78f7d47603bbcb5b7b2.jpg', 'jpg', '37f43a9f43a06c1da330b4f19e67155cdcbb8c5c', '58c61881873640a1f7daca1e6850cc1f', '640535', 'image/jpeg', '1474874743', '1474874743'), ('50', '0', '0', '', '2016年8月行政值班表.doc', '20160926/2eaeeda274e0bc392bc398198fc1c3ea.doc', 'doc', '7fb926501cdfd81fb5bab5c3e009ba8a4fb397ad', '15338832888444e475300a92f2d4eee3', '112128', 'application/msword', '1474874847', '1474874847'), ('51', '0', '0', '', '3.jpg', '20160926/5f83ec7d5b66e78f7d47603bbcb5b7b2.jpg', 'jpg', '37f43a9f43a06c1da330b4f19e67155cdcbb8c5c', '58c61881873640a1f7daca1e6850cc1f', '640535', 'image/jpeg', '1474876630', '1474876630'), ('52', '0', '0', '', '2016年8月行政值班表.doc', '20160926/2eaeeda274e0bc392bc398198fc1c3ea.doc', 'doc', '7fb926501cdfd81fb5bab5c3e009ba8a4fb397ad', '15338832888444e475300a92f2d4eee3', '112128', 'application/msword', '1474876739', '1474876739'), ('53', '0', '0', '', '2016年8月行政值班表.doc', '20160926/2eaeeda274e0bc392bc398198fc1c3ea.doc', 'doc', '7fb926501cdfd81fb5bab5c3e009ba8a4fb397ad', '15338832888444e475300a92f2d4eee3', '112128', 'application/msword', '1474876961', '1474876961'), ('54', '0', '0', '', '2016年8月行政值班表.doc', '20160926/2eaeeda274e0bc392bc398198fc1c3ea.doc', 'doc', '7fb926501cdfd81fb5bab5c3e009ba8a4fb397ad', '15338832888444e475300a92f2d4eee3', '112128', 'application/msword', '1474877013', '1474877013'), ('55', '0', '0', '', '88-20151030101118.jpg', '20160926/e56564656cc0276320362cb3ddca32a1.jpg', 'jpg', 'cca18b443fe9a6be89f9fecbd858e48767863b89', '54fe7a710948136957ae5552fa9d3d45', '75156', 'image/jpeg', '1474877065', '1474877065'), ('56', '0', '0', '', '2016年8月行政值班表.doc', '20160926/2eaeeda274e0bc392bc398198fc1c3ea.doc', 'doc', '7fb926501cdfd81fb5bab5c3e009ba8a4fb397ad', '15338832888444e475300a92f2d4eee3', '112128', 'application/msword', '1474877128', '1474877128'), ('57', '0', '0', '', '2016年8月行政值班表.doc', '20160926/2eaeeda274e0bc392bc398198fc1c3ea.doc', 'doc', '7fb926501cdfd81fb5bab5c3e009ba8a4fb397ad', '15338832888444e475300a92f2d4eee3', '112128', 'application/msword', '1474877156', '1474877156'), ('58', '0', '0', '', '2016年8月行政值班表.doc', '20160926/2eaeeda274e0bc392bc398198fc1c3ea.doc', 'doc', '7fb926501cdfd81fb5bab5c3e009ba8a4fb397ad', '15338832888444e475300a92f2d4eee3', '112128', 'application/msword', '1474936956', '1474936956'), ('59', '0', '0', '', '2016年8月行政值班表.doc', '20160926/2eaeeda274e0bc392bc398198fc1c3ea.doc', 'doc', '7fb926501cdfd81fb5bab5c3e009ba8a4fb397ad', '15338832888444e475300a92f2d4eee3', '112128', 'application/msword', '1474937080', '1474937080'), ('60', '0', '0', '', '2016年8月行政值班表.doc', '20160926/2eaeeda274e0bc392bc398198fc1c3ea.doc', 'doc', '7fb926501cdfd81fb5bab5c3e009ba8a4fb397ad', '15338832888444e475300a92f2d4eee3', '112128', 'application/msword', '1474937239', '1474937239'), ('61', '0', '0', '', '2016年8月行政值班表.doc', '20160926/2eaeeda274e0bc392bc398198fc1c3ea.doc', 'doc', '7fb926501cdfd81fb5bab5c3e009ba8a4fb397ad', '15338832888444e475300a92f2d4eee3', '112128', 'application/msword', '1474937325', '1474937325'), ('62', '0', '0', '', '2016年8月行政值班表.doc', '20160926/2eaeeda274e0bc392bc398198fc1c3ea.doc', 'doc', '7fb926501cdfd81fb5bab5c3e009ba8a4fb397ad', '15338832888444e475300a92f2d4eee3', '112128', 'application/msword', '1474937733', '1474937733'), ('63', '0', '0', '', '2016年8月行政值班表.doc', '20160926/2eaeeda274e0bc392bc398198fc1c3ea.doc', 'doc', '7fb926501cdfd81fb5bab5c3e009ba8a4fb397ad', '15338832888444e475300a92f2d4eee3', '112128', 'application/msword', '1474937810', '1474937810'), ('64', '0', '0', '', '2016年8月行政值班表.doc', '20160926/2eaeeda274e0bc392bc398198fc1c3ea.doc', 'doc', '7fb926501cdfd81fb5bab5c3e009ba8a4fb397ad', '15338832888444e475300a92f2d4eee3', '112128', 'application/msword', '1474937843', '1474937843'), ('65', '0', '0', '', '2016年8月行政值班表.doc', '20160926/2eaeeda274e0bc392bc398198fc1c3ea.doc', 'doc', '7fb926501cdfd81fb5bab5c3e009ba8a4fb397ad', '15338832888444e475300a92f2d4eee3', '112128', 'application/msword', '1474938004', '1474938004'), ('66', '0', '0', '', '2016年8月行政值班表.doc', '20160926/2eaeeda274e0bc392bc398198fc1c3ea.doc', 'doc', '7fb926501cdfd81fb5bab5c3e009ba8a4fb397ad', '15338832888444e475300a92f2d4eee3', '112128', 'application/msword', '1474938019', '1474938019'), ('67', '0', '0', '', '附件1：2015年度中管党费收支情况.pdf', '20160927/857583ff3054c0f223d015c480948c90.pdf', 'pdf', '1a56fe6661981cd2c3c91c3f25d71fb052120560', '931cf24dfcc29414450d1d3e59e6de01', '84433', 'application/pdf', '1474938025', '1474938025'), ('68', '10', '1', '', '梦云智thinkphp入门教程02--VEIWS.ppt', '20160927/71570dd595d30dc376fca5e54f5bf455.ppt', 'ppt', 'b914cf8071a3cd2aca39363cd5cd14051b7f2d19', '8c5ca78c6e4c13f33ed277e880d43ef0', '198144', 'application/vnd.ms-powerpoint', '1474938044', '1474938567');
COMMIT;

-- ----------------------------
--  Table structure for `yunzhi_field_data_body`
-- ----------------------------
DROP TABLE IF EXISTS `yunzhi_field_data_body`;
CREATE TABLE `yunzhi_field_data_body` (
  `field_id` int(11) unsigned NOT NULL COMMENT 'fk field',
  `key_id` int(11) unsigned NOT NULL COMMENT '对应的关键字ID',
  `value` longtext NOT NULL,
  `update_time` int(11) unsigned NOT NULL,
  PRIMARY KEY (`key_id`,`field_id`),
  KEY `entity_id` (`key_id`)
) ENGINE=InnoDB DEFAULT CHARSET=utf8 ROW_FORMAT=COMPACT COMMENT='Data storage for field 2 (body)';

-- ----------------------------
--  Records of `yunzhi_field_data_body`
-- ----------------------------
BEGIN;
INSERT INTO `yunzhi_field_data_body` VALUES ('1', '1', '   &lt;p&gt;    &lt;p&gt;    &lt;p&gt;    &lt;p&gt;    &lt;p&gt;    &lt;p&gt;    &lt;p&gt;    &lt;p&gt; 这里是关于我们的主题这里是关于我们的主题这里是关于我们的主题这里是关于我们的主题这里是关于我们的主题这里是关于我们的主题这里是关于我们的主题这里是关于我们的主题这里是关于我们的主题这里是关于我们的主题这里是关于我们的主题这里是关于我们的主题这里是关于我们的主题这里是关于我们的主题这里是关于我们的主题&lt;img src=&quot;/yunzhicms/public/upload/20160907/fecddd331f269a93b55fc16c7c742121.png&quot; alt=&quot;个人真实性核验单 (1)&quot; style=&quot;line-height: 1; max-width: 100%;&quot;&gt;&lt;br style=&quot;line-height: 1;&quot;&gt;&lt;/p&gt;&lt;p&gt;&lt;br&gt;&lt;/p&gt;&lt;/p&gt;\r\n&lt;/p&gt;\r\n&lt;/p&gt;\r\n&lt;/p&gt;\r\n&lt;/p&gt;\r\n&lt;/p&gt;\r\n&lt;/p&gt;\r\n', '1474938567'), ('1', '2', '   &lt;p&gt; 新闻通知1新闻通知1新闻通知1新闻通知1新闻通知1&lt;/p&gt;\r\n', '0'), ('2', '3', '新闻通知2新闻通知2新闻通知2新闻通知2新闻通知2新闻通知2新闻通知2', '0');
COMMIT;

-- ----------------------------
--  Table structure for `yunzhi_field_data_comment_body`
-- ----------------------------
DROP TABLE IF EXISTS `yunzhi_field_data_comment_body`;
CREATE TABLE `yunzhi_field_data_comment_body` (
  `entity_type` varchar(128) NOT NULL DEFAULT '' COMMENT 'The entity type this data is attached to',
  `bundle` varchar(128) NOT NULL DEFAULT '' COMMENT 'The field instance bundle to which this row belongs, used when deleting a field instance',
  `deleted` tinyint(4) NOT NULL DEFAULT '0' COMMENT 'A boolean indicating whether this data item has been deleted',
  `entity_id` int(10) unsigned NOT NULL COMMENT 'The entity id this data is attached to',
  `revision_id` int(10) unsigned DEFAULT NULL COMMENT 'The entity revision id this data is attached to, or NULL if the entity type is not versioned',
  `language` varchar(32) NOT NULL DEFAULT '' COMMENT 'The language for this data item.',
  `delta` int(10) unsigned NOT NULL COMMENT 'The sequence number for this data item, used for multi-value fields',
  `comment_body_value` longtext,
  `comment_body_format` varchar(255) DEFAULT NULL,
  PRIMARY KEY (`entity_type`,`entity_id`,`deleted`,`delta`,`language`),
  KEY `entity_type` (`entity_type`),
  KEY `bundle` (`bundle`),
  KEY `deleted` (`deleted`),
  KEY `entity_id` (`entity_id`),
  KEY `revision_id` (`revision_id`),
  KEY `language` (`language`),
  KEY `comment_body_format` (`comment_body_format`)
) ENGINE=InnoDB DEFAULT CHARSET=utf8 ROW_FORMAT=COMPACT COMMENT='Data storage for field 1 (comment_body)';

-- ----------------------------
--  Table structure for `yunzhi_field_data_image`
-- ----------------------------
DROP TABLE IF EXISTS `yunzhi_field_data_image`;
CREATE TABLE `yunzhi_field_data_image` (
  `id` int(11) unsigned NOT NULL AUTO_INCREMENT,
  `field_id` int(10) unsigned NOT NULL DEFAULT '0' COMMENT 'The entity id this data is attached to',
  `key_id` int(11) unsigned NOT NULL DEFAULT '0',
  `user_name` varchar(40) NOT NULL DEFAULT '' COMMENT 'fk of user_name',
  `name` varchar(100) NOT NULL DEFAULT '' COMMENT '原始文件名',
  `save_name` varchar(100) NOT NULL DEFAULT '' COMMENT '保存文件名',
  `ext` varchar(10) NOT NULL DEFAULT '' COMMENT '扩展名',
  `sha1` varchar(40) NOT NULL,
  `md5` varchar(32) NOT NULL,
  `size` int(11) unsigned NOT NULL DEFAULT '0' COMMENT '文件大小B',
  `mime` varchar(40) NOT NULL DEFAULT '' COMMENT 'MIME',
  PRIMARY KEY (`id`),
  KEY `field_id` (`field_id`),
  KEY `key_id` (`key_id`),
  KEY `sha1` (`sha1`),
  KEY `md5` (`md5`)
) ENGINE=InnoDB AUTO_INCREMENT=48 DEFAULT CHARSET=utf8 ROW_FORMAT=COMPACT COMMENT='Data storage for field 4 (field_image)';

-- ----------------------------
--  Records of `yunzhi_field_data_image`
-- ----------------------------
BEGIN;
INSERT INTO `yunzhi_field_data_image` VALUES ('47', '2', '1', '', 'Girl fashion beauty.jpg', '20160907/819029973ba3b6d987748accff729b76.jpg', 'jpg', '7a3b581096d4a97e9ea73bbf10e37723dead9284', '3b3cac76b6d7901de8688bded8b9b37d', '450782', 'image/jpeg');
COMMIT;

-- ----------------------------
--  Table structure for `yunzhi_field_data_images`
-- ----------------------------
DROP TABLE IF EXISTS `yunzhi_field_data_images`;
CREATE TABLE `yunzhi_field_data_images` (
  `id` int(11) unsigned NOT NULL AUTO_INCREMENT,
  `field_id` int(11) unsigned NOT NULL DEFAULT '0' COMMENT 'fk field',
  `key_id` int(11) unsigned NOT NULL DEFAULT '0' COMMENT 'fk ...',
  `user_name` varchar(40) NOT NULL COMMENT 'fk user',
  `value` varchar(4096) NOT NULL DEFAULT '',
  PRIMARY KEY (`id`)
) ENGINE=MyISAM AUTO_INCREMENT=6 DEFAULT CHARSET=utf8 ROW_FORMAT=DYNAMIC COMMENT='多图片字段.使用json格式进行存储';

-- ----------------------------
--  Records of `yunzhi_field_data_images`
-- ----------------------------
BEGIN;
INSERT INTO `yunzhi_field_data_images` VALUES ('2', '5', '2', '', '[\"\\/yunzhicms\\/public\\/upload\\/20160912\\/53b68492cfa0c681e9a7d54f74d3fecb.jpg\",\"\\/yunzhicms\\/public\\/upload\\/20160912\\/4816be8aab31bc3dd96a068babf7b3f1.jpg\"]');
COMMIT;

-- ----------------------------
--  Table structure for `yunzhi_field_data_json`
-- ----------------------------
DROP TABLE IF EXISTS `yunzhi_field_data_json`;
CREATE TABLE `yunzhi_field_data_json` (
  `id` int(11) unsigned NOT NULL AUTO_INCREMENT,
  `field_id` int(11) unsigned NOT NULL DEFAULT '0' COMMENT 'fk field',
  `key_id` int(11) unsigned NOT NULL DEFAULT '0' COMMENT 'fk ...',
  `user_name` varchar(40) NOT NULL COMMENT 'fk user',
  `value` varchar(4096) NOT NULL DEFAULT '',
  PRIMARY KEY (`id`)
) ENGINE=MyISAM AUTO_INCREMENT=6 DEFAULT CHARSET=utf8 ROW_FORMAT=DYNAMIC;

-- ----------------------------
--  Records of `yunzhi_field_data_json`
-- ----------------------------
BEGIN;
INSERT INTO `yunzhi_field_data_json` VALUES ('1', '4', '2', '', '[\"\\u8fd9\\u662f\\u4e3b\\u6807\\u9898\",\"\\u8fd9\\u662f\\u4e3b\\u6807\\u9898\"]'), ('2', '5', '2', '', '[\"\\u94fe\\u63a51\",\"\\u5730\\u57404\",\"\"]'), ('3', '6', '2', '', '[\"http:\\/\\/www.mengyunzhi.com\",\"http:\\/\\/www.scse.hebut.edu.cn\"]'), ('4', '7', '2', '', '[\"\\u8fd9\\u662f\\u526f\\u6807\\u98981\",\"\\u8fd9\\u662f\\u526f\\u6807\\u98982\"]'), ('5', '8', '2', '', '[\"\\u8fd9\\u91cc\\u662f\\u63cf\\u8ff0\\u4fe1\\u606f\\uff1a\\u56fe\\u7247\\u4e0a\\u4f20\\u7684\\u89c4\\u683c\\u4e3a1920*500, \\u975e\\u8be5\\u89c4\\u683c\\u4f1a\\u8fdb\\u884c\\u81ea\\u52a8\\u7684\\u62c9\\u4f38\\u3002\\u5982\\u679c\\u56fe\\u7247\\u4e0a\\u4f20\\u540e\\u6709\\u4e9b\\u6697\\uff0c\\u662f\\u6b63\\u5e38\\u73b0\\u8c61\\u3002\\u8bf7\\u589e\\u52a0\\u4eae\\u5ea6\\u540e\\u91cd\\u65b0\\u4e0a\\u4f20\\u3002\",\"\\u7531\\u4e8e\\u5b57\\u4f53\\u4e3a\\u767d\\u8272\\uff0c\\u6240\\u4ee5\\u6211\\u4eec\\u5bf9\\u56fe\\u7247\\u8fdb\\u884c\\u4e86\\u8499\\u677f\\u5904\\u7406\\u3002\\u4e0a\\u4f20\\u56fe\\u7247\\u540e\\uff0c\\u5c06\\u4f1a\\u770b\\u5230\\u56fe\\u7247\\u4e0a\\u65b9\\u6709\\u4e00\\u5c42\\u534a\\u900f\\u660e\\u7684\\u8499\\u677f\\uff0c\\u8fd9\\u662f\\u6b63\\u5e38\\u7684\\u73b0\\u8c61\\u3002\\u5f53\\u7136\\u4e86\\uff0c\\u5373\\u4f7f\\u662f\\u8fd9\\u6837\\uff0c\\u6211\\u4eec\\u4e5f\\u5e76\\u4e0d\\u63a8\\u8350\\u4f7f\\u7528\\u767d\\u8272\\u7684\\u80cc\\u666f\\u56fe\\u7247\\u3002\"]');
COMMIT;

-- ----------------------------
--  Table structure for `yunzhi_field_data_text`
-- ----------------------------
DROP TABLE IF EXISTS `yunzhi_field_data_text`;
CREATE TABLE `yunzhi_field_data_text` (
  `id` int(11) unsigned NOT NULL AUTO_INCREMENT,
  `field_id` int(11) unsigned NOT NULL DEFAULT '0' COMMENT 'fk field',
  `key_id` int(11) unsigned NOT NULL DEFAULT '0' COMMENT 'fk ...',
  `user_name` varchar(40) NOT NULL COMMENT 'fk user',
  `value` varchar(255) NOT NULL DEFAULT '',
  PRIMARY KEY (`id`)
) ENGINE=MyISAM AUTO_INCREMENT=2 DEFAULT CHARSET=utf8 ROW_FORMAT=DYNAMIC;

-- ----------------------------
--  Table structure for `yunzhi_field_type`
-- ----------------------------
DROP TABLE IF EXISTS `yunzhi_field_type`;
CREATE TABLE `yunzhi_field_type` (
  `name` varchar(40) NOT NULL,
  `status` tinyint(2) unsigned NOT NULL DEFAULT '0' COMMENT '0启用，1禁用',
  `title` varchar(40) NOT NULL DEFAULT '',
  `description` varchar(255) NOT NULL DEFAULT '',
  `author` varchar(40) NOT NULL,
  `version` varchar(40) NOT NULL,
  `url` varchar(100) NOT NULL,
  PRIMARY KEY (`name`)
) ENGINE=MyISAM DEFAULT CHARSET=utf8 ROW_FORMAT=DYNAMIC COMMENT='字段类型表';

-- ----------------------------
--  Records of `yunzhi_field_type`
-- ----------------------------
BEGIN;
INSERT INTO `yunzhi_field_type` VALUES ('body', '0', '富文本', '', '', '', ''), ('image', '0', '图片', '', '', '', ''), ('text', '0', '文本', '', '', '', ''), ('attachment', '0', '附件', '', '', '', ''), ('images', '0', '多图片', '', '', '', ''), ('json', '0', 'json存的数组数据', '', '', '', '');
COMMIT;

-- ----------------------------
--  Table structure for `yunzhi_filter`
-- ----------------------------
DROP TABLE IF EXISTS `yunzhi_filter`;
CREATE TABLE `yunzhi_filter` (
  `type` varchar(40) NOT NULL COMMENT '类型（对应过滤器的类名）',
  `function` varchar(40) NOT NULL COMMENT '方法名',
  `param` varchar(4096) NOT NULL COMMENT '参数及参数的说明、默认值（json）',
  `title` varchar(40) NOT NULL COMMENT '标题',
  `description` varchar(100) NOT NULL COMMENT '描述',
  `author` varchar(40) NOT NULL COMMENT '作者',
  `version` varchar(40) NOT NULL COMMENT '版本号',
  `website` varchar(100) NOT NULL COMMENT '网址',
  `demo_url` varchar(100) NOT NULL COMMENT '示例站点URL',
  `email` varchar(100) NOT NULL COMMENT '作者邮箱',
  PRIMARY KEY (`type`,`function`)
) ENGINE=MyISAM DEFAULT CHARSET=utf8 ROW_FORMAT=DYNAMIC COMMENT='过滤器表';

-- ----------------------------
--  Records of `yunzhi_filter`
-- ----------------------------
BEGIN;
INSERT INTO `yunzhi_filter` VALUES ('System', 'makeFrontpageContentUrl', '[]', '首页新闻链接', '直接生成首页新闻链接（直接链接到 Content组件）', '梦云智', '1.0.0', 'http://www.mengyunzhi.com', 'http://www.mengyunzhi.com', '3792535@qq.com'), ('System', 'makeCurrentMenuReadUrl', '[]', '生成菜单URL', '生成菜单对应的路由URL信息', '', '', '', '', ''), ('String', 'substr', '{\"length\":{\"value\":20,\"title\":\"\\u622a\\u53d6\\u957f\\u5ea6\",\"type\":\"text\",\"description\":\"\\u622a\\u53d6\\u7684UTF8\\u7f16\\u7801\\u7684\\u957f\\u5ea6\"},\"ext\":{\"value\":\"...\",\"title\":\"\\u540e\\u7f00\",\"type\":\"text\",\"description\":\"\\u5c06\\u53d1\\u751f\\u622a\\u53d6\\u64cd\\u4f5c\\u540e\\uff0c\\u586b\\u5145\\u5728\\u6807\\u9898\\u540e\\u9762\\u7684\\u540e\\u7f00\\u4fe1\\u606f\"}}', '标题截取', '对UTF8编码的标题进行截取', '', '', '', '', ''), ('Date', 'format', '{\"dateFormat\":{\"value\":\"Y-m-d\",\"title\":\"\\u65f6\\u95f4\\u6233\\u683c\\u5f0f\\u5316\",\"description\":\"\\u5bf9\\u65f6\\u95f4\\u6233\\u8fdb\\u884c\\u683c\\u5f0f\\u5316\",\"type\":\"text\"}}', '时间戳格式化', '时间戳格式化', '', '', '', '', ''), ('System', 'makeContentReadUrl', '[]', '生成新闻读链接', '根据新闻对应的类别信息，取类别的URL信息，生成LCURD路由', '', '', '', '', '');
COMMIT;

-- ----------------------------
--  Table structure for `yunzhi_menu`
-- ----------------------------
DROP TABLE IF EXISTS `yunzhi_menu`;
CREATE TABLE `yunzhi_menu` (
  `id` int(11) unsigned NOT NULL AUTO_INCREMENT,
  `menu_type_name` varchar(40) NOT NULL DEFAULT '' COMMENT 'FK(menu_type)菜单类型',
  `component_name` varchar(40) NOT NULL DEFAULT '' COMMENT '组件组',
  `title` varchar(32) NOT NULL DEFAULT '' COMMENT '标题，用于直接显示在前台中',
  `pid` int(10) unsigned NOT NULL DEFAULT '0' COMMENT 'The parent link ID (plid) is the mlid of the link above in the hierarchy, or zero if the link is at the top level in its menu.',
  `url` varchar(255) NOT NULL DEFAULT '' COMMENT '在前台中显示的路径，即URL',
  `is_hidden` tinyint(2) unsigned NOT NULL DEFAULT '0' COMMENT '是否隐藏',
  `is_deleted` smallint(11) unsigned NOT NULL DEFAULT '0' COMMENT '0未删除,1删除',
  `weight` int(11) NOT NULL DEFAULT '0' COMMENT '权重',
  `description` varchar(255) NOT NULL DEFAULT '' COMMENT '描述',
  `config` varchar(255) NOT NULL DEFAULT '[]' COMMENT '配置参数（json）',
  `filter` varchar(255) NOT NULL DEFAULT '[]' COMMENT '过滤器参数',
  `is_home` tinyint(2) unsigned NOT NULL DEFAULT '0' COMMENT '是否首页',
  `status` tinyint(2) unsigned NOT NULL DEFAULT '0' COMMENT '0启用，1禁用',
  `update_time` smallint(6) unsigned NOT NULL DEFAULT '0',
  `create_time` smallint(6) NOT NULL DEFAULT '0',
  `is_delete` tinyint(2) unsigned NOT NULL DEFAULT '0',
  PRIMARY KEY (`id`),
  KEY `path_menu` (`url`(128),`title`),
  KEY `menu_plid_expand_child` (`title`,`pid`),
  KEY `menu_parents` (`title`),
  KEY `router_path` (`component_name`)
) ENGINE=InnoDB AUTO_INCREMENT=7 DEFAULT CHARSET=utf8 ROW_FORMAT=COMPACT COMMENT='菜单表（每一个菜单对应唯一的一个组件）';

-- ----------------------------
--  Records of `yunzhi_menu`
-- ----------------------------
BEGIN;
INSERT INTO `yunzhi_menu` VALUES ('1', 'main', 'Home', '首页', '0', '/', '0', '0', '9999', '首页', '{\"count\":\"3\"}', '{\"title\":{\"type\":\"String\",\"function\":\"substr\",\"param\":{\"length\":\"6\",\"ext\":\"...\"}},\"href\":{\"type\":\"System\",\"function\":\"makeFrontpageContentUrl\",\"param\":[]}}', '1', '0', '65535', '0', '0'), ('2', 'main', 'ContentList', '新闻通', '0', 'news', '0', '0', '963', '这里是描述信息', '{\"contentTypeName\":\"news\",\"count\":\"1\",\"order\":\"weight desc, id desc\"}', '{\"title\":{\"type\":\"String\",\"function\":\"substr\",\"param\":{\"length\":\"30\",\"ext\":\"...\"}},\"href\":{\"type\":\"System\",\"function\":\"makeCurrentMenuReadUrl\",\"param\":[]},\"date\":{\"type\":\"Date\",\"function\":\"format\",\"param\":{\"dateFormat\":\"Y-m-d\"}}}', '0', '0', '65535', '0', '0'), ('3', 'main', 'ContentList', '院级新闻', '2', 'news/school', '0', '0', '5', '', '{\"contentTypeName\":\"news\",\"count\":\"1\",\"order\":\"weight desc, id desc\"}', '{\"date\":{\"type\":\"Date\",\"function\":\"format\",\"param\":{\"dateFormat\":\"m-d\"}},\"href\":{\"type\":\"System\",\"function\":\"makeCurrentMenuReadUrl\",\"param\":[]}}', '0', '0', '65535', '0', '0'), ('4', 'main', 'Content', '关于我们', '0', 'aboutus', '0', '0', '1', '测试', '{\"id\":\"1\"}', '{\"date\":{\"type\":\"Date\",\"function\":\"format\",\"param\":{\"dateFormat\":\"Y-m-d\"}}}', '0', '0', '65535', '0', '0'), ('5', 'main', 'ContentList', '热点新闻', '0', 'hotnews', '1', '0', '0', '用于显示首页链接过来的新闻', '{\"contentType\":\"news\",\"count\":\"1\",\"order\":\"weight desc, id desc\"}', '{\"date\":{\"type\":\"Date\",\"function\":\"format\",\"param\":{\"dateFormat\":\"m-d\"}},\"href\":{\"type\":\"System\",\"function\":\"makeCurrentMenuReadUrl\",\"param\":[]}}', '0', '0', '65535', '0', '0'), ('6', 'main', 'ContentList', '热点新闻', '3', 'hotnews1', '0', '0', '0', '', '{\"contentType\":\"news\",\"count\":\"1\",\"order\":\"weight desc, id desc\"}', '[]', '0', '0', '0', '0', '0');
COMMIT;

-- ----------------------------
--  Table structure for `yunzhi_menu_type`
-- ----------------------------
DROP TABLE IF EXISTS `yunzhi_menu_type`;
CREATE TABLE `yunzhi_menu_type` (
  `name` varchar(40) NOT NULL,
  `title` varchar(32) NOT NULL DEFAULT '' COMMENT '标题',
  `description` varchar(255) NOT NULL DEFAULT '' COMMENT '描述',
  `is_deleted` tinyint(2) unsigned NOT NULL DEFAULT '0',
  PRIMARY KEY (`name`)
) ENGINE=MyISAM DEFAULT CHARSET=utf8 ROW_FORMAT=DYNAMIC COMMENT='菜单类型表（主要为了可以使用区块进行菜单的调用）';

-- ----------------------------
--  Records of `yunzhi_menu_type`
-- ----------------------------
BEGIN;
INSERT INTO `yunzhi_menu_type` VALUES ('main', '主菜单', '主菜单', '0');
COMMIT;

-- ----------------------------
--  Table structure for `yunzhi_plugin`
-- ----------------------------
DROP TABLE IF EXISTS `yunzhi_plugin`;
CREATE TABLE `yunzhi_plugin` (
  `id` int(11) unsigned NOT NULL AUTO_INCREMENT,
  `plugin_type_name` varchar(40) NOT NULL COMMENT 'fk plugin_type 插件类型',
  `position_name` varchar(40) NOT NULL COMMENT 'fk of plugin_position',
  `title` varchar(40) NOT NULL,
  `description` varchar(255) NOT NULL,
  `status` tinyint(2) unsigned NOT NULL,
  `config` varchar(4096) NOT NULL DEFAULT '[]',
  `filter` varchar(4096) NOT NULL DEFAULT '[]',
  `weight` smallint(6) unsigned NOT NULL DEFAULT '0' COMMENT '权重',
  `is_delete` tinyint(2) unsigned NOT NULL DEFAULT '0' COMMENT '是否删除',
  PRIMARY KEY (`id`)
) ENGINE=MyISAM AUTO_INCREMENT=2 DEFAULT CHARSET=utf8 ROW_FORMAT=DYNAMIC COMMENT='插件表';

-- ----------------------------
--  Records of `yunzhi_plugin`
-- ----------------------------
BEGIN;
INSERT INTO `yunzhi_plugin` VALUES ('1', 'PreNextContent', 'afterContent', '文章后', '', '0', '', '{\"href\":{\"type\":\"System\",\"function\":\"makeContentReadUrl\"}}', '0', '0');
COMMIT;

-- ----------------------------
--  Table structure for `yunzhi_plugin_type`
-- ----------------------------
DROP TABLE IF EXISTS `yunzhi_plugin_type`;
CREATE TABLE `yunzhi_plugin_type` (
  `name` varchar(40) NOT NULL,
  `title` varchar(40) NOT NULL DEFAULT '',
  `description` varchar(255) NOT NULL DEFAULT '',
  PRIMARY KEY (`name`)
) ENGINE=MyISAM DEFAULT CHARSET=utf8 ROW_FORMAT=DYNAMIC COMMENT='插件类型表';

-- ----------------------------
--  Records of `yunzhi_plugin_type`
-- ----------------------------
BEGIN;
INSERT INTO `yunzhi_plugin_type` VALUES ('PreNextContent', '上一篇、下一篇文章', '');
COMMIT;

-- ----------------------------
--  Table structure for `yunzhi_position`
-- ----------------------------
DROP TABLE IF EXISTS `yunzhi_position`;
CREATE TABLE `yunzhi_position` (
  `name` varchar(40) NOT NULL,
  `title` varchar(40) NOT NULL DEFAULT '',
  `description` varchar(255) NOT NULL DEFAULT '',
  `type` varchar(40) NOT NULL DEFAULT 'blcok' COMMENT '类型: block 区块，plugin 插件',
  `theme_name` varchar(40) NOT NULL DEFAULT '' COMMENT 'fk of theme',
  PRIMARY KEY (`name`)
) ENGINE=MyISAM DEFAULT CHARSET=utf8 ROW_FORMAT=DYNAMIC COMMENT='位置表，记录着某个主题(theme)下的插件(plugin)及区块(block)位置信息';

-- ----------------------------
--  Table structure for `yunzhi_theme`
-- ----------------------------
DROP TABLE IF EXISTS `yunzhi_theme`;
CREATE TABLE `yunzhi_theme` (
  `name` varchar(40) NOT NULL,
  `title` varchar(40) NOT NULL DEFAULT '',
  `description` varchar(255) NOT NULL DEFAULT '',
  `is_current` tinyint(2) unsigned NOT NULL DEFAULT '0' COMMENT '是否激活. 0未激活，1已激活',
  `author` varchar(40) NOT NULL DEFAULT '',
  `version` varchar(40) NOT NULL DEFAULT '',
  PRIMARY KEY (`name`)
) ENGINE=MyISAM DEFAULT CHARSET=utf8 ROW_FORMAT=DYNAMIC COMMENT='主题表';

-- ----------------------------
--  Records of `yunzhi_theme`
-- ----------------------------
BEGIN;
INSERT INTO `yunzhi_theme` VALUES ('default', '默认主题', '', '1', '梦云智', ''), ('zhenjie', '汤师兄', '', '0', '汤师兄', ''), ('liuyanzhao', 'young', '', '0', '刘艳招', ''), ('huangtheme', '二斌', '', '0', '二斌', ''), ('liming', '高黎明', '', '0', '高黎明', ''), ('Chutheme', '楚航', '', '0', '楚航', ''), ('Fantheme', '小范儿师姐', '', '0', '小范儿师姐', '');
COMMIT;

-- ----------------------------
--  Table structure for `yunzhi_user`
-- ----------------------------
DROP TABLE IF EXISTS `yunzhi_user`;
CREATE TABLE `yunzhi_user` (
  `id` smallint(6) unsigned NOT NULL AUTO_INCREMENT,
  `username` varchar(40) NOT NULL DEFAULT '',
  `qq_open_id` varchar(40) NOT NULL DEFAULT '' COMMENT 'qq 认证openid',
  `password` varchar(40) NOT NULL DEFAULT '',
  `name` varchar(40) NOT NULL DEFAULT '' COMMENT '真实姓名',
  `status` tinyint(2) unsigned NOT NULL DEFAULT '0' COMMENT '0正常 1冻结',
  `user_group_name` varchar(40) NOT NULL DEFAULT '' COMMENT 'fk user_group',
  `create_time` smallint(6) unsigned NOT NULL,
  `update_time` smallint(6) unsigned NOT NULL,
  `is_deleted` tinyint(2) unsigned NOT NULL DEFAULT '0' COMMENT '1已删除',
  PRIMARY KEY (`id`),
  UNIQUE KEY `email` (`username`)
) ENGINE=MyISAM AUTO_INCREMENT=2 DEFAULT CHARSET=utf8 ROW_FORMAT=DYNAMIC COMMENT='用户表';

-- ----------------------------
--  Records of `yunzhi_user`
-- ----------------------------
BEGIN;
INSERT INTO `yunzhi_user` VALUES ('1', 'admin@mengyunzhi.com', '', '', '梦云智', '1', 'admin', '0', '0', '0');
COMMIT;

-- ----------------------------
--  Table structure for `yunzhi_user_group`
-- ----------------------------
DROP TABLE IF EXISTS `yunzhi_user_group`;
CREATE TABLE `yunzhi_user_group` (
  `name` varchar(40) NOT NULL,
  `title` varchar(40) NOT NULL DEFAULT '' COMMENT '名称',
  `description` varchar(255) NOT NULL DEFAULT '' COMMENT '描述',
  `create_time` smallint(6) unsigned NOT NULL DEFAULT '0',
  `update_time` smallint(6) unsigned NOT NULL DEFAULT '0',
  `is_deleted` tinyint(2) unsigned NOT NULL DEFAULT '0',
  PRIMARY KEY (`name`)
) ENGINE=MyISAM DEFAULT CHARSET=utf8 ROW_FORMAT=DYNAMIC COMMENT='用户组（用户类型）表';

-- ----------------------------
--  Records of `yunzhi_user_group`
-- ----------------------------
BEGIN;
INSERT INTO `yunzhi_user_group` VALUES ('admin', '超级管理员', '拥有开发权限', '0', '0', '0'), ('editor', '站点编辑人员', '对站点进行管理', '0', '0', '0'), ('register', '注册用户', '注册用户，拥有对权限新闻的查看权限', '0', '0', '0'), ('public', '公共用户', '浏览网站的用户', '0', '0', '0');
COMMIT;

SET FOREIGN_KEY_CHECKS = 1;
